{
  "references": {
    "e_hf": -7.861992688740797,
    "e_ccsd": -7.882376485164726,
    "e_fci": -9.019715957
  },
  "results": [
    {
      "label": "PUCCD",
      "system": "LiH",
      "basis": "sto-3g",
      "mapper": "ParityMapper (tapered)",
      "n_electrons": [
        2,
        2
      ],
      "n_spatial_orbs": 6,
      "n_qubits": 8,
      "n_params": 8,
      "circuit_depth": 1,
      "e_hf_ha": -7.861992688740797,
      "e_ccsd_ha": -7.882376485164726,
      "e_ccsd_init_ha": -7.877522756993287,
      "e_fci_ha": -7.882386993639731,
      "nuc_repulsion": 0.9946940055206768,
      "e_vqe_ha": -7.877986073984644,
      "error_mha": 4.390411180081877,
      "error_fci_mha": 4.40091965508671,
      "corr_recovered_pct": 78.46126850576367,
      "e_vqe_best_ha": -7.877986073984644,
      "error_best_mha": 4.390411180081877,
      "best_is_physical": true,
      "eval_counts": [
        1,
        2,
        3,
        4,
        5,
        6,
        7,
        8,
        9,
        10,
        11,
        12,
        13,
        14
      ],
      "eval_energies": [
        -7.877522756993287,
        -7.379437504507422,
        -7.877958873299244,
        -7.8777098850104,
        -7.877974490076792,
        -7.877984130118152,
        -7.877985644230542,
        -7.877985172391972,
        -7.877985986529692,
        -7.877986043971623,
        -7.877986062923249,
        -7.87798606842513,
        -7.87798607298118,
        -7.877986073984644
      ],
      "opt_params": [
        -0.004022173766288539,
        -0.0017028517989342217,
        -0.001701377889273879,
        -0.0010410941037262106,
        -0.010583066346131821,
        -0.02945166989792465,
        -0.029464336377767988,
        -0.11519418452855691
      ],
      "ccsd_init_nonzero": 8,
      "ccsd_init_max_amp": 0.11515285973569557,
      "optimizer": "L_BFGS"
    },
    {
      "label": "SUCCD",
      "system": "LiH",
      "basis": "sto-3g",
      "mapper": "ParityMapper (tapered)",
      "n_electrons": [
        2,
        2
      ],
      "n_spatial_orbs": 6,
      "n_qubits": 8,
      "n_params": 16,
      "circuit_depth": 1,
      "e_hf_ha": -7.861992688740797,
      "e_ccsd_ha": -7.882376485164726,
      "e_ccsd_init_ha": -7.877522756993287,
      "e_fci_ha": -7.8823869936397415,
      "nuc_repulsion": 0.9946940055206768,
      "e_vqe_ha": -7.879993243032223,
      "error_mha": 2.3832421325034048,
      "error_fci_mha": 2.3937506075188963,
      "corr_recovered_pct": 88.30815377597851,
      "e_vqe_best_ha": -7.879993243032223,
      "error_best_mha": 2.3832421325034048,
      "best_is_physical": true,
      "eval_counts": [
        1,
        2,
        3,
        4,
        5,
        6,
        7,
        8,
        9,
        10,
        11,
        12,
        13,
        14,
        15,
        16
      ],
      "eval_energies": [
        -7.8797553017235025,
        -7.351349942608964,
        -7.879963751027844,
        -7.879876359771275,
        -7.8799844532607555,
        -7.879991139718905,
        -7.879992265404075,
        -7.879993065336853,
        -7.879993209757176,
        -7.879993239373901,
        -7.879993240839131,
        -7.879993242007741,
        -7.879993242903348,
        -7.879993243027524,
        -7.8799932430305155,
        -7.879993243032223
      ],
      "opt_params": [
        -0.003992209215668417,
        0.00025157201829667324,
        3.970183871500374e-05,
        -0.0002797589246725802,
        -0.0017578544184652064,
        -0.0029348645288780994,
        -0.0017565228585198136,
        -0.0029348820242643095,
        -0.001036052558696573,
        -0.0004835834646925992,
        -0.00015127595762480162,
        -0.018492598440957866,
        0.05257774262986311,
        -0.027747275543551254,
        -0.027757952488549027,
        -0.11602958114184911
      ],
      "ccsd_init_nonzero": 16,
      "ccsd_init_max_amp": 0.11515285973569557,
      "optimizer": "L_BFGS"
    },
    {
      "label": "UCCSD",
      "system": "LiH",
      "basis": "sto-3g",
      "mapper": "ParityMapper (tapered)",
      "n_electrons": [
        2,
        2
      ],
      "n_spatial_orbs": 6,
      "n_qubits": 8,
      "n_params": 34,
      "circuit_depth": 1,
      "e_hf_ha": -7.861992688740797,
      "e_ccsd_ha": -7.882376485164726,
      "e_ccsd_init_ha": -7.877522756993287,
      "e_fci_ha": -7.882386993639743,
      "nuc_repulsion": 0.9946940055206768,
      "e_vqe_ha": -7.882376338847704,
      "error_mha": 0.00014631702160983195,
      "error_fci_mha": 0.010654792038877758,
      "corr_recovered_pct": 99.99928218954621,
      "e_vqe_best_ha": -7.882376338847704,
      "error_best_mha": 0.00014631702160983195,
      "best_is_physical": true,
      "eval_counts": [
        1,
        2,
        3,
        4,
        5,
        6,
        7,
        8,
        9,
        10,
        11,
        12,
        13,
        14,
        15,
        16,
        17,
        18,
        19,
        20,
        21,
        22,
        23,
        24,
        25,
        26,
        27,
        28
      ],
      "eval_energies": [
        -7.880079892309439,
        -7.462086390577994,
        -7.881238710364778,
        -7.881336770880166,
        -7.88170701898388,
        -7.881794756213774,
        -7.882121526466053,
        -7.882060516356903,
        -7.882213509718282,
        -7.882302489600441,
        -7.88235019276779,
        -7.8823669630926325,
        -7.882373426510739,
        -7.882375568506825,
        -7.882375968374543,
        -7.882376230950928,
        -7.882376205460702,
        -7.882376290623894,
        -7.88237633527884,
        -7.882376337328747,
        -7.882376338755881,
        -7.882376338251477,
        -7.882376338805521,
        -7.882376338833449,
        -7.882376338841711,
        -7.882376338845923,
        -7.882376338846909,
        -7.882376338847704
      ],
      "opt_params": [
        -0.00021937513946470243,
        0.0005712797703132176,
        -0.0384747731588408,
        -0.0036601408327035186,
        -0.0002181836328138732,
        0.0005722463016165776,
        -0.038469217223364924,
        -0.0036608611683698377,
        0.0006837597677272955,
        -0.00379487059683754,
        0.00017219372987771565,
        -0.00020145560664463596,
        -0.0003374283553546195,
        -0.0018223769327582668,
        -0.0030712270400521016,
        -0.0018213158276769385,
        -0.003071367921310622,
        0.0001656648978657145,
        -0.0010543537234084315,
        -0.0010201753077196162,
        -0.00027156917829946557,
        -0.00020187466275638466,
        -0.0010201588134027394,
        -0.03595145234672553,
        0.0593070263553612,
        -0.003078669613017848,
        -0.027221518427872314,
        -0.0030798181017979535,
        -0.02723173798026488,
        -0.0003377799083931174,
        -0.00027253022421824786,
        0.05945543983872549,
        -0.11465086465900394,
        0.0006910490535028412
      ],
      "ccsd_init_nonzero": 34,
      "ccsd_init_max_amp": 0.11515285973569557,
      "optimizer": "L_BFGS"
    }
  ]
}