{
  "mol_name": "LiH",
  "ansatz": "SUCCD",
  "basis": "sto-3g",
  "R_angstrom": 2.8,
  "optimizer": "L-BFGS-B(maxiter=200)",
  "seed": 42,
  "n_qubits": 8,
  "n_params": 24,
  "circuit_depth": 1314,
  "e_hf": -7.7339913401668055,
  "e_ccsd": -7.806699225073592,
  "e_fci": -7.806763402564957,
  "e_vqe": -7.798159732608544,
  "e_vqe_best": -7.798159732608544,
  "error_ccsd_mha": 8.539492465048149,
  "error_fci_mha": 8.60366995641293,
  "corr_pct": 88.25506686654958,
  "wall_min": 38.74,
  "eval_counts": [
    1,
    2,
    3,
    4,
    5,
    6,
    7,
    8,
    9,
    10,
    11,
    12,
    13,
    14,
    15,
    16,
    17,
    18,
    19,
    20,
    21,
    22,
    23,
    24,
    25,
    26,
    27,
    28,
    29,
    30,
    31,
    32,
    33,
    34,
    35,
    36,
    37,
    38,
    39,
    40,
    41,
    42,
    43,
    44,
    45,
    46,
    47,
    48,
    49,
    50,
    51,
    52,
    53,
    54,
    55,
    56,
    57,
    58,
    59,
    60,
    61,
    62,
    63,
    64
  ],
  "eval_energies": [
    -7.758062303602082,
    -7.5275509888296055,
    -7.783033564800216,
    -7.7596510776348415,
    -7.786190638416328,
    -7.787413626031035,
    -7.78843399730792,
    -7.789996874005051,
    -7.790611640399345,
    -7.79136018689499,
    -7.792110067243898,
    -7.79341178586058,
    -7.795389086398999,
    -7.791313792567682,
    -7.7958126480791945,
    -7.796825272891762,
    -7.797194430730095,
    -7.797310041731262,
    -7.79742038918643,
    -7.797546872492862,
    -7.797668247140252,
    -7.797714040015026,
    -7.797824194644735,
    -7.797939381267294,
    -7.797945889270255,
    -7.798017932497815,
    -7.798123949868114,
    -7.798142848656322,
    -7.7981506912454615,
    -7.798153300896561,
    -7.798155178747547,
    -7.79815615778431,
    -7.798157164163716,
    -7.798157992316981,
    -7.798158923310278,
    -7.79815926586378,
    -7.798159567021918,
    -7.798159695816863,
    -7.798159670031832,
    -7.798159715869892,
    -7.7981597221055585,
    -7.798159724379928,
    -7.798159726107776,
    -7.7981597265771585,
    -7.7981597280364925,
    -7.798159728747479,
    -7.79815972983475,
    -7.798159731107691,
    -7.798159726690012,
    -7.798159731533304,
    -7.798159732327922,
    -7.798159732486895,
    -7.798159732504833,
    -7.798159732551166,
    -7.7981597325558285,
    -7.798159732569327,
    -7.79815973258111,
    -7.798159732591823,
    -7.798159732598552,
    -7.7981597326028504,
    -7.798159732605694,
    -7.7981597326078065,
    -7.798159732608359,
    -7.798159732608544
  ],
  "opt_params": [
    0.0012345089748343747,
    -0.0015508501801441393,
    -0.3962780507359786,
    -0.11340527108397042,
    -0.0005670815220273994,
    -0.0026150663909644714,
    0.2365940911790084,
    0.1232986448861853,
    -0.0029084947341598793,
    0.00028439673992893455,
    0.0009697374509942356,
    0.0016224177285906216,
    -0.001771777674162223,
    -0.0011880858961044918,
    -0.0017714696909818322,
    -0.0011880798022383024,
    -0.001331067639961233,
    -0.0004139987782186085,
    -0.0007449652194086535,
    -0.07965531664057239,
    -0.2689204109292278,
    -0.015542789053681658,
    -0.015544666925423894,
    -0.21649059648791782
  ]
}