{
  "mol_name": "LiH",
  "ansatz": "PUCCD",
  "basis": "sto-3g",
  "R_angstrom": 2.3,
  "optimizer": "L-BFGS-B(maxiter=200)",
  "seed": 42,
  "n_qubits": 8,
  "n_params": 16,
  "circuit_depth": 650,
  "e_hf": -7.7958044838176335,
  "e_ccsd": -7.837976213415431,
  "e_fci": -7.838005002629242,
  "e_vqe": -7.824445812905854,
  "e_vqe_best": -7.824445812905854,
  "error_ccsd_mha": 13.530400509577767,
  "error_fci_mha": 13.559189723387988,
  "corr_pct": 67.91594596991753,
  "wall_min": 5.29,
  "eval_counts": [
    1,
    2,
    3,
    4,
    5,
    6,
    7,
    8,
    9,
    10,
    11,
    12,
    13,
    14,
    15,
    16,
    17,
    18,
    19,
    20,
    21,
    22,
    23,
    24,
    25,
    26,
    27,
    28,
    29
  ],
  "eval_energies": [
    -7.817720789567767,
    -7.439762790197809,
    -7.823777349655657,
    -7.8187238532159515,
    -7.824097348853542,
    -7.82426325453933,
    -7.824324105152639,
    -7.82435873003533,
    -7.824381805754518,
    -7.82438912167072,
    -7.824408688572273,
    -7.8244319484687495,
    -7.824398874737804,
    -7.824435788545863,
    -7.824443221143774,
    -7.824445120369859,
    -7.824445701215312,
    -7.824445804193804,
    -7.824445753590014,
    -7.824445810011019,
    -7.82444581207106,
    -7.824445812582818,
    -7.824445812228593,
    -7.824445812760617,
    -7.824445812887646,
    -7.824445812900249,
    -7.824445812905269,
    -7.824445812904806,
    -7.824445812905854
  ],
  "opt_params": [
    -0.0007687461497973362,
    -2.7890842766500503e-05,
    0.04960123173195485,
    0.01759554557153818,
    -0.0007687461497850936,
    -2.7890842765115783e-05,
    0.04960123173195886,
    0.017595545571531496,
    -0.004309043578833337,
    -0.0017271769825920077,
    -0.0017263102139140625,
    -0.001319973967320108,
    -0.015701239142959206,
    -0.02243275968884541,
    -0.022438403108114017,
    -0.20361975246706346
  ]
}