{
  "mol_name": "LiH",
  "ansatz": "SUCCD",
  "basis": "sto-3g",
  "R_angstrom": 1.596,
  "optimizer": "L-BFGS-B(maxiter=200)",
  "seed": 42,
  "n_qubits": 8,
  "n_params": 24,
  "circuit_depth": 1314,
  "e_hf": -7.861992688740797,
  "e_ccsd": -7.882376485164726,
  "e_fci": -7.882386993638956,
  "e_vqe": -7.8802713526716275,
  "e_vqe_best": -7.8802713526716275,
  "error_ccsd_mha": 2.105132493098516,
  "error_fci_mha": 2.115640967328858,
  "corr_pct": 89.67252002856925,
  "wall_min": 19.02,
  "eval_counts": [
    1,
    2,
    3,
    4,
    5,
    6,
    7,
    8,
    9,
    10,
    11,
    12,
    13,
    14,
    15,
    16,
    17,
    18,
    19,
    20,
    21,
    22,
    23,
    24,
    25,
    26,
    27,
    28,
    29,
    30,
    31,
    32,
    33
  ],
  "eval_energies": [
    -7.878709665736222,
    -7.428736566139484,
    -7.8795450607449755,
    -7.879513957837917,
    -7.879741142769452,
    -7.879847351612872,
    -7.879926005716953,
    -7.880122701592171,
    -7.880177193191772,
    -7.880245816293042,
    -7.8802540474823175,
    -7.880263646871676,
    -7.880268093269402,
    -7.880267374550801,
    -7.880269049627152,
    -7.88026952186261,
    -7.880269874662197,
    -7.880270417324185,
    -7.880270807193085,
    -7.8802712381825355,
    -7.880271318080041,
    -7.880271340267679,
    -7.880271346740997,
    -7.880271350360106,
    -7.880271352199218,
    -7.880271351211345,
    -7.880271352451244,
    -7.880271352539941,
    -7.88027135262565,
    -7.880271352659632,
    -7.880271352665874,
    -7.880271352669933,
    -7.8802713526716275
  ],
  "opt_params": [
    -0.00020479686904106292,
    0.000464341046276913,
    -0.04358753324563645,
    0.00026487209906458524,
    -0.00035110781823992907,
    0.00041377853289165513,
    0.014715903102943127,
    -0.002692018831721475,
    -0.003933066381994391,
    0.0001813904437955446,
    0.00011705810286315161,
    -0.00023794000400056509,
    -0.0017565031080933038,
    -0.002852649629745451,
    -0.0017551369903154377,
    -0.002852666482756779,
    -0.0010480748926983959,
    -0.0003993120223759287,
    -0.00013750455766268102,
    -0.021492213822506746,
    0.06143640099632257,
    -0.028104144433319073,
    -0.028115248756462846,
    -0.11525421142571426
  ]
}