{
  "mol_name": "LiH",
  "ansatz": "PUCCD",
  "basis": "sto-3g",
  "R_angstrom": 1.65,
  "optimizer": "L-BFGS-B(maxiter=200)",
  "seed": 42,
  "n_qubits": 8,
  "n_params": 16,
  "circuit_depth": 650,
  "e_hf": -7.859851704334235,
  "e_ccsd": -7.881167084401655,
  "e_fci": -7.881178293724992,
  "e_vqe": -7.876516265906863,
  "e_vqe_best": -7.876516265906863,
  "error_ccsd_mha": 4.650818494791764,
  "error_fci_mha": 4.6620278181288555,
  "corr_pct": 78.18092626037442,
  "wall_min": 4.12,
  "eval_counts": [
    1,
    2,
    3,
    4,
    5,
    6,
    7,
    8,
    9,
    10,
    11,
    12,
    13,
    14,
    15,
    16,
    17,
    18,
    19,
    20,
    21,
    22,
    23
  ],
  "eval_energies": [
    -7.875520242769376,
    -7.348706602789347,
    -7.87629402601082,
    -7.87599035056647,
    -7.876369888871032,
    -7.876410885387974,
    -7.876431871109567,
    -7.876481717060299,
    -7.87649840078352,
    -7.8765093121217244,
    -7.876512302240281,
    -7.876514434624447,
    -7.876516147329417,
    -7.876516144398352,
    -7.876516223820111,
    -7.876516261490471,
    -7.8765162637924835,
    -7.876516265018825,
    -7.8765162657923025,
    -7.876516265393857,
    -7.8765162658783225,
    -7.876516265904881,
    -7.876516265906863
  ],
  "opt_params": [
    -0.0003827026741560254,
    0.00020971730538226684,
    0.01331121637919693,
    0.0015080648671158465,
    -0.00038270267414845024,
    0.00020971730538448774,
    0.013311216379204573,
    0.0015080648671098565,
    -0.004112274432343874,
    -0.001709732744633217,
    -0.001708365496601415,
    -0.0011385768141008877,
    -0.009316564016588934,
    -0.028384173346740108,
    -0.028395609413699997,
    -0.1205566042914184
  ]
}