{
  "mol_name": "LiH",
  "ansatz": "SUCCD",
  "basis": "sto-3g",
  "R_angstrom": 1.8,
  "optimizer": "L-BFGS-B(maxiter=200)",
  "seed": 42,
  "n_qubits": 8,
  "n_params": 24,
  "circuit_depth": 1314,
  "e_hf": -7.850018697166807,
  "e_ccsd": -7.874510511750984,
  "e_fci": -7.874524024991312,
  "e_vqe": -7.871758479151334,
  "e_vqe_best": -7.871758479151334,
  "error_ccsd_mha": 2.75203259964929,
  "error_fci_mha": 2.76554583997779,
  "corr_pct": 88.76345976656495,
  "wall_min": 22.4,
  "eval_counts": [
    1,
    2,
    3,
    4,
    5,
    6,
    7,
    8,
    9,
    10,
    11,
    12,
    13,
    14,
    15,
    16,
    17,
    18,
    19,
    20,
    21,
    22,
    23,
    24,
    25,
    26,
    27,
    28,
    29,
    30,
    31,
    32,
    33,
    34,
    35,
    36
  ],
  "eval_energies": [
    -7.869447267023367,
    -7.438295303954473,
    -7.870740390801768,
    -7.870502217909293,
    -7.871000614798883,
    -7.871140004001114,
    -7.871237110331228,
    -7.871519197643846,
    -7.871587599731106,
    -7.87169720521707,
    -7.871717475205366,
    -7.871737951218727,
    -7.871751434087909,
    -7.871744875974964,
    -7.871753261236946,
    -7.871754600439819,
    -7.871755147442296,
    -7.871756274407681,
    -7.871757382262239,
    -7.871757599070352,
    -7.871758329778053,
    -7.871758394889693,
    -7.871758442793895,
    -7.871758445579453,
    -7.871758461767377,
    -7.871758473386293,
    -7.871758476574105,
    -7.871758477683547,
    -7.871758477696546,
    -7.871758478424348,
    -7.8717584790488315,
    -7.87175847910808,
    -7.871758479142609,
    -7.871758479130581,
    -7.871758479148654,
    -7.871758479151334
  ],
  "opt_params": [
    -0.0001747293360293668,
    0.0004550480166777798,
    -0.05563064090897337,
    0.0013727778574442037,
    -0.000404824954221373,
    0.0004587016128606012,
    0.022294498278992384,
    -0.003964443460429371,
    -0.003942197917957153,
    0.00037496652938678947,
    0.000262760899605362,
    -0.0009308814379952991,
    -0.0017629265118093115,
    -0.002803589000049437,
    -0.0017617710424202115,
    -0.0028036017330851227,
    -0.001321337314480592,
    -0.0005836348837064646,
    -0.00013173511257881746,
    -0.027725717625369403,
    0.07658652415310288,
    -0.02588555850849868,
    -0.02589423240200918,
    -0.13389188407028374
  ]
}