{
  "mol_name": "LiH",
  "ansatz": "PUCCD",
  "basis": "sto-3g",
  "R_angstrom": 2.8,
  "optimizer": "L-BFGS-B(maxiter=200)",
  "seed": 42,
  "n_qubits": 8,
  "n_params": 16,
  "circuit_depth": 650,
  "e_hf": -7.7339913401668055,
  "e_ccsd": -7.806699225073592,
  "e_fci": -7.806763402564957,
  "e_vqe": -7.774074150871024,
  "e_vqe_best": -7.774074150871024,
  "error_ccsd_mha": 32.625074202567994,
  "error_fci_mha": 32.689251693932775,
  "corr_pct": 55.12856102966784,
  "wall_min": 5.76,
  "eval_counts": [
    1,
    2,
    3,
    4,
    5,
    6,
    7,
    8,
    9,
    10,
    11,
    12,
    13,
    14,
    15,
    16,
    17,
    18,
    19,
    20,
    21,
    22,
    23,
    24,
    25,
    26,
    27,
    28,
    29,
    30,
    31
  ],
  "eval_energies": [
    -7.7411474759519345,
    -7.554402690467081,
    -7.771058506665965,
    -7.729921127348141,
    -7.772809201325095,
    -7.773337177899793,
    -7.773827101761797,
    -7.773765057042376,
    -7.7739566442870105,
    -7.774030838413572,
    -7.774038496931218,
    -7.774051808832451,
    -7.774048926206075,
    -7.774055052353163,
    -7.774057834358488,
    -7.774060907820284,
    -7.774064407160867,
    -7.774070194415812,
    -7.774073306777766,
    -7.774073290799483,
    -7.774073918950024,
    -7.7740741074202075,
    -7.7740741328605045,
    -7.774074146486785,
    -7.7740741498068795,
    -7.7740741504815984,
    -7.774074150677584,
    -7.774074150810743,
    -7.774074150861739,
    -7.774074150867759,
    -7.774074150871024
  ],
  "opt_params": [
    -0.0015441748504754717,
    0.00047093071404129505,
    0.13866958094771065,
    -0.0781631571864585,
    -0.0015441748504813274,
    0.00047093071404190714,
    0.13866958094773887,
    -0.07816315718638067,
    -0.004690492139934213,
    -0.0017335123199345116,
    -0.0017329553456258348,
    -0.0009908208403121897,
    -0.01476612843399079,
    -0.018171676989211138,
    -0.01817467560723755,
    -0.30265298938257185
  ]
}