{
  "mol_name": "LiH",
  "ansatz": "PUCCD",
  "basis": "sto-3g",
  "R_angstrom": 1.5,
  "optimizer": "L-BFGS-B(maxiter=200)",
  "seed": 42,
  "n_qubits": 8,
  "n_params": 16,
  "circuit_depth": 650,
  "e_hf": -7.86335762153512,
  "e_ccsd": -7.882352908641178,
  "e_fci": -7.882362286798728,
  "e_vqe": -7.878467375970898,
  "e_vqe_best": -7.878467375970898,
  "error_ccsd_mha": 3.885532670280689,
  "error_fci_mha": 3.8949108278307776,
  "corr_pct": 79.54475418778252,
  "wall_min": 4.09,
  "eval_counts": [
    1,
    2,
    3,
    4,
    5,
    6,
    7,
    8,
    9,
    10,
    11,
    12,
    13,
    14,
    15,
    16,
    17,
    18,
    19,
    20,
    21,
    22,
    23
  ],
  "eval_energies": [
    -7.877708947297158,
    -7.327338756892823,
    -7.878269306068903,
    -7.8780880854594795,
    -7.878336591912824,
    -7.878371608458362,
    -7.878391031977523,
    -7.8784373776737056,
    -7.878452664150826,
    -7.878462760174898,
    -7.8784648690575185,
    -7.878466098738997,
    -7.878467294968875,
    -7.878467257614355,
    -7.8784673414688395,
    -7.878467373950773,
    -7.878467375032129,
    -7.878467375798836,
    -7.878467375813246,
    -7.87846737590637,
    -7.878467375966489,
    -7.878467375970429,
    -7.878467375970898
  ],
  "opt_params": [
    -0.000341139312597928,
    0.00025037810467690933,
    0.010301504904481144,
    0.0010790017795856814,
    -0.00034113931259287423,
    0.00025037810467686006,
    0.010301504904484218,
    0.0010790017795856372,
    -0.004064288057526199,
    -0.0016977618402475628,
    -0.0016962497567639006,
    -0.0008389329496118947,
    -0.007930125154502112,
    -0.029971532354427347,
    -0.029985006030184436,
    -0.1088779136707323
  ]
}