{
  "mol_name": "LiH",
  "ansatz": "SUCCD",
  "basis": "sto-3g",
  "R_angstrom": 3.0,
  "optimizer": "L-BFGS-B(maxiter=200)",
  "seed": 42,
  "n_qubits": 8,
  "n_params": 24,
  "circuit_depth": 1314,
  "e_hf": -7.710829900217224,
  "e_ccsd": -7.798761958946548,
  "e_fci": -7.7988431595024075,
  "e_vqe": -7.791247664128242,
  "e_vqe_best": -7.791247664128242,
  "error_ccsd_mha": 7.514294818305345,
  "error_fci_mha": 7.59549537416504,
  "corr_pct": 91.45443092440705,
  "wall_min": 37.55,
  "eval_counts": [
    1,
    2,
    3,
    4,
    5,
    6,
    7,
    8,
    9,
    10,
    11,
    12,
    13,
    14,
    15,
    16,
    17,
    18,
    19,
    20,
    21,
    22,
    23,
    24,
    25,
    26,
    27,
    28,
    29,
    30,
    31,
    32,
    33,
    34,
    35,
    36,
    37,
    38,
    39,
    40,
    41,
    42,
    43,
    44,
    45,
    46,
    47,
    48,
    49,
    50,
    51,
    52,
    53,
    54,
    55,
    56,
    57,
    58,
    59,
    60,
    61,
    62,
    63,
    64
  ],
  "eval_energies": [
    -7.729451032191255,
    -7.557333400694587,
    -7.767084514948314,
    -7.7301396741684005,
    -7.771963757929413,
    -7.773700423049439,
    -7.775347424162536,
    -7.777626129712875,
    -7.77810038355819,
    -7.779552837800974,
    -7.7803586427203495,
    -7.782090766143462,
    -7.7848952113475764,
    -7.786830930469085,
    -7.787952726527422,
    -7.788948849846651,
    -7.789215865104278,
    -7.789431396291844,
    -7.789701741222229,
    -7.789964047967846,
    -7.790160715348305,
    -7.790274433588019,
    -7.790400013080141,
    -7.79067080976894,
    -7.790922816360402,
    -7.791115225026532,
    -7.791168071968199,
    -7.791182776337058,
    -7.791191769740658,
    -7.7912083401363255,
    -7.791210875384435,
    -7.791226303746688,
    -7.7912322442478885,
    -7.79124132273772,
    -7.791241734239126,
    -7.791244527897051,
    -7.791247017095301,
    -7.791247462409791,
    -7.791247534612435,
    -7.7912475770850325,
    -7.791247602318725,
    -7.791247607273872,
    -7.7912476131219375,
    -7.791247628951579,
    -7.7912476299612035,
    -7.79124763560708,
    -7.791247642029445,
    -7.791247651362596,
    -7.791247657102229,
    -7.791247660868844,
    -7.79124766260589,
    -7.791247663075472,
    -7.791247663717247,
    -7.791247663122965,
    -7.791247663898373,
    -7.791247664065574,
    -7.791247664089964,
    -7.791247664098901,
    -7.791247664105484,
    -7.791247664112706,
    -7.79124766411919,
    -7.791247664123386,
    -7.791247664127173,
    -7.791247664128242
  ],
  "opt_params": [
    0.0016655033605321873,
    -0.002090839235299869,
    -0.5212064596153604,
    -0.15679236625920462,
    -0.00041463851045374784,
    -0.003461990945527954,
    0.3144675758118075,
    0.1990867811494102,
    -0.0023378115182350035,
    0.0004948272391937367,
    0.0007915378653909669,
    0.001300131328364585,
    -0.0017795057633949723,
    -0.0007163252181784979,
    -0.0017794113819671446,
    -0.0007163308362747099,
    -0.0014033995631862162,
    -0.000459330584823295,
    -0.0006194333798399923,
    -0.07535836843551089,
    -0.2744306897434592,
    -0.013204799758442722,
    -0.013205992313528788,
    -0.18503113727969736
  ]
}