{
  "mol_name": "LiH",
  "ansatz": "SUCCD",
  "basis": "sto-3g",
  "R_angstrom": 1.7,
  "optimizer": "L-BFGS-B(maxiter=200)",
  "seed": 42,
  "n_qubits": 8,
  "n_params": 24,
  "circuit_depth": 1314,
  "e_hf": -7.857144960203829,
  "e_ccsd": -7.879421604613371,
  "e_fci": -7.879433516564259,
  "e_vqe": -7.877023108930586,
  "e_vqe_best": -7.877023108930586,
  "error_ccsd_mha": 2.39849568278494,
  "error_fci_mha": 2.4104076336728397,
  "corr_pct": 89.23313745692496,
  "wall_min": 19.8,
  "eval_counts": [
    1,
    2,
    3,
    4,
    5,
    6,
    7,
    8,
    9,
    10,
    11,
    12,
    13,
    14,
    15,
    16,
    17,
    18,
    19,
    20,
    21,
    22,
    23,
    24,
    25,
    26,
    27,
    28,
    29,
    30,
    31,
    32,
    33
  ],
  "eval_energies": [
    -7.87514292933541,
    -7.43497213556877,
    -7.876172109375907,
    -7.87605984269882,
    -7.876395356388364,
    -7.876515439584851,
    -7.876601828644186,
    -7.876839914309751,
    -7.876894968643913,
    -7.876984406522543,
    -7.876997170875074,
    -7.877010618672258,
    -7.877018344405905,
    -7.877015529130719,
    -7.877019631194833,
    -7.8770204706532025,
    -7.8770208921817835,
    -7.877021695881825,
    -7.877022389657253,
    -7.877022852141532,
    -7.877023042079338,
    -7.87702307960384,
    -7.877023093753755,
    -7.8770231052261765,
    -7.8770231076828425,
    -7.877023108027077,
    -7.8770231086671645,
    -7.877023108767202,
    -7.877023108877583,
    -7.877023108918972,
    -7.877023108922059,
    -7.8770231089303655,
    -7.877023108930586
  ],
  "opt_params": [
    -0.00019273498032579378,
    0.00045867397048581193,
    -0.04889904531695001,
    0.0006258693214497792,
    -0.00037619378294704724,
    0.00043380207308308446,
    0.01804789128555716,
    -0.003290110488514377,
    -0.0039423929284150335,
    0.0003026656351864551,
    0.00018927064178125936,
    -0.000629674059143262,
    -0.001760457280402762,
    -0.002831498707784107,
    -0.0017592043659992824,
    -0.0028315134707895956,
    -0.0012142401869788115,
    -0.0005166714329000914,
    -0.0001079127115738722,
    -0.02438238567326925,
    0.06836450138888257,
    -0.026960117441540633,
    -0.02696991912023454,
    -0.12412897907928361
  ]
}