{
  "mol_name": "LiH",
  "ansatz": "PUCCD",
  "basis": "sto-3g",
  "R_angstrom": 1.3,
  "optimizer": "L-BFGS-B(maxiter=200)",
  "seed": 42,
  "n_qubits": 8,
  "n_params": 16,
  "circuit_depth": 650,
  "e_hf": -7.85195385795879,
  "e_ccsd": -7.869132632022657,
  "e_fci": -7.869139976352029,
  "e_vqe": -7.8658771374872885,
  "e_vqe_best": -7.8658771374872885,
  "error_ccsd_mha": 3.2554945353684417,
  "error_fci_mha": 3.262838864740658,
  "corr_pct": 81.04931979857662,
  "wall_min": 3.94,
  "eval_counts": [
    1,
    2,
    3,
    4,
    5,
    6,
    7,
    8,
    9,
    10,
    11,
    12,
    13,
    14,
    15,
    16,
    17,
    18,
    19,
    20,
    21,
    22
  ],
  "eval_energies": [
    -7.865291577808877,
    -7.284308937618492,
    -7.865697383772217,
    -7.8655966844079845,
    -7.8657602713353985,
    -7.865790668533142,
    -7.865808153160614,
    -7.86584805900964,
    -7.865866076206002,
    -7.865874843024079,
    -7.865876029614586,
    -7.865876576347853,
    -7.865877051300831,
    -7.865877063580548,
    -7.8658771326613675,
    -7.865877136869745,
    -7.865877137335623,
    -7.865877137472873,
    -7.865877137485267,
    -7.86587713748216,
    -7.865877137486661,
    -7.8658771374872885
  ],
  "opt_params": [
    -0.00029022821651170897,
    0.00031936055268080756,
    0.008069702298925894,
    0.0012980900955196514,
    -0.00029022821651380234,
    0.00031936055269188903,
    0.008069702298945321,
    0.0012980900955196504,
    -0.003969569196330707,
    -0.0016694957933617643,
    -0.001667755860988597,
    -0.00032563202444011103,
    -0.006298194708342734,
    -0.03230791559862572,
    -0.032324797921979606,
    -0.09896949397782082
  ]
}