{
  "mol_name": "LiH",
  "ansatz": "SUCCD",
  "basis": "sto-3g",
  "R_angstrom": 1.9,
  "optimizer": "L-BFGS-B(maxiter=200)",
  "seed": 42,
  "n_qubits": 8,
  "n_params": 24,
  "circuit_depth": 1314,
  "e_hf": -7.84111204077141,
  "e_ccsd": -7.868225342177469,
  "e_fci": -7.868240793853799,
  "e_vqe": -7.865039241804584,
  "e_vqe_best": -7.865039241804584,
  "error_ccsd_mha": 3.1861003728854698,
  "error_fci_mha": 3.2015520492150173,
  "corr_pct": 88.24893979095643,
  "wall_min": 23.14,
  "eval_counts": [
    1,
    2,
    3,
    4,
    5,
    6,
    7,
    8,
    9,
    10,
    11,
    12,
    13,
    14,
    15,
    16,
    17,
    18,
    19,
    20,
    21,
    22,
    23,
    24,
    25,
    26,
    27,
    28,
    29,
    30,
    31,
    32,
    33,
    34,
    35,
    36,
    37,
    38
  ],
  "eval_energies": [
    -7.862121835460411,
    -7.4403336308587,
    -7.863790056019654,
    -7.863349580495684,
    -7.864101934040604,
    -7.86426843251635,
    -7.864380652542676,
    -7.86471357076348,
    -7.864807387801959,
    -7.864938367454108,
    -7.86497119971856,
    -7.86500448455388,
    -7.865028434374293,
    -7.865014796527945,
    -7.865031261352079,
    -7.86503330455096,
    -7.865034041322077,
    -7.865035521804534,
    -7.865037272163922,
    -7.865035117468126,
    -7.865037976122664,
    -7.865038802116161,
    -7.865039053303941,
    -7.865039153269042,
    -7.86503921403308,
    -7.86503922837326,
    -7.865039233547008,
    -7.865039237864729,
    -7.865039235320773,
    -7.865039239456951,
    -7.865039241445172,
    -7.865039241671238,
    -7.865039241768858,
    -7.865039241767861,
    -7.865039241787858,
    -7.865039241802262,
    -7.865039241804163,
    -7.865039241804584
  ],
  "opt_params": [
    -0.0001481941473158043,
    0.0004548302131563524,
    -0.0644200796585897,
    0.0026708421553221047,
    -0.00043900789188916576,
    0.0004916993304129241,
    0.027835195550023274,
    -0.00484544906073238,
    -0.003933080241010515,
    0.00041049755052213445,
    0.0003415592950541745,
    -0.0011715208240907877,
    -0.0017646245802739173,
    -0.002766790393047328,
    -0.0017635687443480611,
    -0.0027668005470048904,
    -0.00138439495339929,
    -0.0006118411924134399,
    -0.00018724068106229142,
    -0.03170890772146583,
    0.08658592233049711,
    -0.024833422550794484,
    -0.02484108161740055,
    -0.14467563014609733
  ]
}