{
  "mol_name": "LiH",
  "ansatz": "PUCCD",
  "basis": "sto-3g",
  "R_angstrom": 2.1,
  "optimizer": "L-BFGS-B(maxiter=200)",
  "seed": 42,
  "n_qubits": 8,
  "n_params": 16,
  "circuit_depth": 650,
  "e_hf": -7.8197702577777175,
  "e_ccsd": -7.853442143789907,
  "e_fci": -7.853462905056595,
  "e_vqe": -7.843999267392809,
  "e_vqe_best": -7.843999267392809,
  "error_ccsd_mha": 9.442876397097955,
  "error_fci_mha": 9.463637663785995,
  "corr_pct": 71.95619991799848,
  "wall_min": 4.47,
  "eval_counts": [
    1,
    2,
    3,
    4,
    5,
    6,
    7,
    8,
    9,
    10,
    11,
    12,
    13,
    14,
    15,
    16,
    17,
    18,
    19,
    20,
    21,
    22,
    23,
    24,
    25
  ],
  "eval_energies": [
    -7.840600407549155,
    -7.405380967151156,
    -7.843574135091013,
    -7.841574378258149,
    -7.843749513856113,
    -7.843847502558977,
    -7.84388422085546,
    -7.843925963131469,
    -7.843950262695482,
    -7.843961325547464,
    -7.843977998607532,
    -7.843991517343807,
    -7.843996124701758,
    -7.843997773385138,
    -7.843999203516852,
    -7.843999235539338,
    -7.8439992558466125,
    -7.843999264546723,
    -7.843999259642396,
    -7.843999266285265,
    -7.8439992673045404,
    -7.843999267362599,
    -7.843999267383686,
    -7.843999267391697,
    -7.843999267392809
  ],
  "opt_params": [
    -0.0005964743408032157,
    6.900182582551218e-05,
    0.03277638678346853,
    0.008788673436786697,
    -0.0005964743408064766,
    6.90018258246954e-05,
    0.032776386783476115,
    0.008788673436776404,
    -0.00423599079375123,
    -0.0017245501226373138,
    -0.0017235550000671345,
    -0.0013919856209395252,
    -0.013950106104785368,
    -0.0241108432758462,
    -0.024117847749043988,
    -0.1732221215780971
  ]
}