{
  "mol_name": "LiH",
  "ansatz": "PUCCD",
  "basis": "sto-3g",
  "R_angstrom": 1.8,
  "optimizer": "L-BFGS-B(maxiter=200)",
  "seed": 42,
  "n_qubits": 8,
  "n_params": 16,
  "circuit_depth": 650,
  "e_hf": -7.850018697166807,
  "e_ccsd": -7.874510511750984,
  "e_fci": -7.874524024991312,
  "e_vqe": -7.86875760274143,
  "e_vqe_best": -7.86875760274143,
  "error_ccsd_mha": 5.7529090095540525,
  "error_fci_mha": 5.766422249882552,
  "corr_pct": 76.51089105798276,
  "wall_min": 4.0,
  "eval_counts": [
    1,
    2,
    3,
    4,
    5,
    6,
    7,
    8,
    9,
    10,
    11,
    12,
    13,
    14,
    15,
    16,
    17,
    18,
    19,
    20,
    21,
    22
  ],
  "eval_energies": [
    -7.867352464538892,
    -7.3667049849036745,
    -7.868496547965292,
    -7.867953857266817,
    -7.868588565425601,
    -7.868639775406137,
    -7.86866349225829,
    -7.868714503853794,
    -7.8687337152498555,
    -7.868745568401921,
    -7.868750663420852,
    -7.868754622470944,
    -7.868757412198057,
    -7.868757527259157,
    -7.868757586914193,
    -7.8687575980453905,
    -7.868757599646078,
    -7.868757602372125,
    -7.868757602144345,
    -7.868757602573397,
    -7.86875760272985,
    -7.86875760274143
  ],
  "opt_params": [
    -0.0004346290721670226,
    0.0001696577391865943,
    0.01775729936838462,
    0.0026831706204969463,
    -0.00043462907217177416,
    0.00016965773917881544,
    0.017757299368393493,
    0.0026831706204998094,
    -0.00415277397601883,
    -0.0017171131638335513,
    -0.0017158786380495417,
    -0.0013162265001769593,
    -0.010827861188127891,
    -0.026882531455866387,
    -0.02689223372672265,
    -0.13541335669574112
  ]
}