{
  "mol_name": "LiH",
  "ansatz": "SUCCD",
  "basis": "sto-3g",
  "R_angstrom": 0.155,
  "optimizer": "L-BFGS-B(maxiter=200)",
  "seed": 42,
  "n_qubits": 8,
  "n_params": 24,
  "circuit_depth": 1314,
  "e_hf": -2.1675882539569535,
  "e_ccsd": -2.2088512829401146,
  "e_fci": -2.208925685553421,
  "e_vqe": -2.2086088059086624,
  "e_vqe_best": -2.2086088059086624,
  "error_ccsd_mha": 0.2424770314521929,
  "error_fci_mha": 0.316879644758572,
  "corr_pct": 99.41236250118443,
  "wall_min": 24.9,
  "eval_counts": [
    1,
    2,
    3,
    4,
    5,
    6,
    7,
    8,
    9,
    10,
    11,
    12,
    13,
    14,
    15,
    16,
    17,
    18,
    19,
    20,
    21,
    22,
    23,
    24,
    25,
    26,
    27,
    28,
    29,
    30,
    31,
    32,
    33,
    34,
    35,
    36,
    37,
    38,
    39,
    40,
    41,
    42
  ],
  "eval_energies": [
    -2.2051578025040133,
    -1.0311435059953364,
    -2.205940702199282,
    -2.206718291720991,
    -2.2076423802949545,
    -2.208137990601232,
    -2.2084248232853714,
    -2.208440260038806,
    -2.2085053371409575,
    -2.208514864617719,
    -2.208574818213462,
    -2.2086002623534693,
    -2.2085953644685805,
    -2.208603993033167,
    -2.2086073217920283,
    -2.2086075811798036,
    -2.208607866289496,
    -2.208608300344375,
    -2.20860842852856,
    -2.2086087021009124,
    -2.208608746991338,
    -2.208608778604763,
    -2.2086087822410025,
    -2.208608794029759,
    -2.2086087945338058,
    -2.2086087954720117,
    -2.208608798653776,
    -2.208608800040686,
    -2.2086088029374693,
    -2.208608804323129,
    -2.208608805019706,
    -2.2086088050885895,
    -2.20860880550989,
    -2.2086088055594555,
    -2.2086088056926396,
    -2.2086088058165885,
    -2.208608805851167,
    -2.208608805900395,
    -2.2086088059036104,
    -2.2086088059063282,
    -2.2086088059079927,
    -2.2086088059086624
  ],
  "opt_params": [
    -0.00042890393377286346,
    -0.0014625060163975221,
    0.043955181251987704,
    -0.004463793196845814,
    -0.0003061373117545109,
    -0.0015092569894631469,
    0.041588477771627747,
    -0.004603893961069432,
    -0.0006455690512810475,
    -0.0021039284655296423,
    -0.0017607823058600053,
    0.0005693686789456587,
    -0.0004530663103816291,
    -0.0018775862235624787,
    -0.0004385830641929121,
    -0.0018779307684474037,
    -0.015422387649680012,
    -0.0009356081516877055,
    0.00469784062478816,
    -0.19493657124403413,
    -0.006001293894345148,
    -0.19444440237530372,
    -0.19822784535151314,
    -0.02097187957481342
  ]
}