{
  "mol_name": "LiH",
  "ansatz": "SUCCD",
  "basis": "sto-3g",
  "R_angstrom": 1.75,
  "optimizer": "L-BFGS-B(maxiter=200)",
  "seed": 42,
  "n_qubits": 8,
  "n_params": 24,
  "circuit_depth": 1314,
  "e_hf": -7.853839601840534,
  "e_ccsd": -7.877174325963382,
  "e_fci": -7.87718700230454,
  "e_vqe": -7.8746084777710905,
  "e_vqe_best": -7.8746084777710905,
  "error_ccsd_mha": 2.56584819229122,
  "error_fci_mha": 2.578524533449311,
  "corr_pct": 89.00416315709137,
  "wall_min": 21.16,
  "eval_counts": [
    1,
    2,
    3,
    4,
    5,
    6,
    7,
    8,
    9,
    10,
    11,
    12,
    13,
    14,
    15,
    16,
    17,
    18,
    19,
    20,
    21,
    22,
    23,
    24,
    25,
    26,
    27,
    28,
    29,
    30,
    31,
    32,
    33,
    34,
    35
  ],
  "eval_energies": [
    -7.872530958188367,
    -7.436873391762077,
    -7.8736806948077245,
    -7.873512881893939,
    -7.873920879389274,
    -7.874049773852528,
    -7.874141051503807,
    -7.874400460041011,
    -7.874460590718655,
    -7.874560076321487,
    -7.87457610462369,
    -7.874592532146982,
    -7.874602704195212,
    -7.874598309056932,
    -7.874604224518878,
    -7.874605293819863,
    -7.874605771282752,
    -7.87460672932564,
    -7.874607604106242,
    -7.874608040904631,
    -7.874608380678177,
    -7.874608429401587,
    -7.8746084541889125,
    -7.874608467677708,
    -7.874608475503539,
    -7.874608476302878,
    -7.874608477043344,
    -7.874608477133407,
    -7.874608477717166,
    -7.874608477747222,
    -7.874608477763523,
    -7.874608477763431,
    -7.874608477768344,
    -7.874608477770888,
    -7.8746084777710905
  ],
  "opt_params": [
    -0.0001846867908840836,
    0.00045654927822852,
    -0.052038859811796755,
    0.0009417287200802029,
    -0.00038989373940820403,
    0.00044541906206974123,
    0.02002827627209317,
    -0.0036099724703391946,
    -0.003943358255748904,
    0.00034386657688475694,
    0.00022542194447468396,
    -0.0007886302777166634,
    -0.0017618406524929759,
    -0.0028185422107163786,
    -0.0017606402803718283,
    -0.00281855589946634,
    -0.0012739083827467445,
    -0.0005553221206368199,
    -0.00011482778001952646,
    -0.025978945049497427,
    0.07226953461831646,
    -0.026419903501802098,
    -0.02642912714754245,
    -0.12887090566233203
  ]
}