{
  "mol_name": "LiH",
  "ansatz": "SUCCD",
  "basis": "sto-3g",
  "R_angstrom": 1.25,
  "optimizer": "L-BFGS-B(maxiter=200)",
  "seed": 42,
  "n_qubits": 8,
  "n_params": 24,
  "circuit_depth": 1314,
  "e_hf": -7.844905315573975,
  "e_ccsd": -7.861854543345052,
  "e_fci": -7.8618614405476155,
  "e_vqe": -7.860303914459636,
  "e_vqe_best": -7.860303914459636,
  "error_ccsd_mha": 1.5506288854156836,
  "error_fci_mha": 1.5575260879794328,
  "corr_pct": 90.85133018235938,
  "wall_min": 17.64,
  "eval_counts": [
    1,
    2,
    3,
    4,
    5,
    6,
    7,
    8,
    9,
    10,
    11,
    12,
    13,
    14,
    15,
    16,
    17,
    18,
    19,
    20,
    21,
    22,
    23,
    24,
    25,
    26,
    27,
    28,
    29,
    30
  ],
  "eval_energies": [
    -7.8592715176475325,
    -7.358161261086022,
    -7.859778616375963,
    -7.859857501245705,
    -7.860021240647895,
    -7.860058766011112,
    -7.860202206623058,
    -7.8601920565731715,
    -7.860260545193076,
    -7.860286152402694,
    -7.860297093072941,
    -7.8603006564588265,
    -7.860302848419914,
    -7.860302659004643,
    -7.860303034470058,
    -7.860303232247465,
    -7.860303524652612,
    -7.860303782054145,
    -7.860303624845828,
    -7.860303860809036,
    -7.860303904070089,
    -7.860303912027548,
    -7.86030391331085,
    -7.860303914242425,
    -7.860303914382599,
    -7.860303914425159,
    -7.860303914438197,
    -7.860303914457556,
    -7.8603039144590445,
    -7.860303914459636
  ],
  "opt_params": [
    -0.0002365047546774626,
    0.0005037371895020528,
    -0.034254499832837716,
    0.0008906798119056323,
    -0.0002804580067052399,
    0.00037871073212573226,
    0.009233050744541083,
    -0.0008034216400733633,
    -0.003802957319019904,
    -0.0006473761529095543,
    -0.00011875704431314236,
    0.0018709593143718065,
    -0.0017221958835395563,
    -0.002870424087444195,
    -0.0017204144870283415,
    -0.0028704478995067576,
    -0.00024647395831234325,
    0.000495952834779394,
    -0.0010592292985134929,
    -0.015160547573520611,
    0.04773623455762377,
    -0.032313059382956415,
    -0.032329948055922514,
    -0.09738548604775471
  ]
}