{
  "mol_name": "LiH",
  "ansatz": "SUCCD",
  "basis": "sto-3g",
  "R_angstrom": 2.3,
  "optimizer": "L-BFGS-B(maxiter=200)",
  "seed": 42,
  "n_qubits": 8,
  "n_params": 24,
  "circuit_depth": 1314,
  "e_hf": -7.7958044838176335,
  "e_ccsd": -7.837976213415431,
  "e_fci": -7.838005002629242,
  "e_vqe": -7.832128587350626,
  "e_vqe_best": -7.832128587350626,
  "error_ccsd_mha": 5.847626064805489,
  "error_fci_mha": 5.87641527861571,
  "corr_pct": 86.133777009917,
  "wall_min": 30.48,
  "eval_counts": [
    1,
    2,
    3,
    4,
    5,
    6,
    7,
    8,
    9,
    10,
    11,
    12,
    13,
    14,
    15,
    16,
    17,
    18,
    19,
    20,
    21,
    22,
    23,
    24,
    25,
    26,
    27,
    28,
    29,
    30,
    31,
    32,
    33,
    34,
    35,
    36,
    37,
    38,
    39,
    40,
    41,
    42,
    43,
    44,
    45,
    46,
    47,
    48,
    49
  ],
  "eval_energies": [
    -7.823003724221529,
    -7.457129070843072,
    -7.828641933900187,
    -7.8252490758116195,
    -7.829458488307305,
    -7.8298714695374425,
    -7.830131647420604,
    -7.830783483738012,
    -7.831059835360604,
    -7.83133291834401,
    -7.831537001828767,
    -7.831797805888522,
    -7.832014524851326,
    -7.83184318925905,
    -7.832053965900521,
    -7.832075646845919,
    -7.832081343083207,
    -7.832086370079422,
    -7.832097946221603,
    -7.832108289520939,
    -7.832119320922304,
    -7.832123872966632,
    -7.832127300392157,
    -7.832125203472323,
    -7.832127826566445,
    -7.832128238315006,
    -7.8321283902073855,
    -7.832128446492153,
    -7.832128514452128,
    -7.83212854601596,
    -7.832128569984123,
    -7.8321285631501745,
    -7.832128579244619,
    -7.832128584985304,
    -7.832128586198531,
    -7.832128586548489,
    -7.832128586844666,
    -7.832128587107192,
    -7.832128587186851,
    -7.832128587227835,
    -7.832128587289802,
    -7.832128587279012,
    -7.832128587307849,
    -7.832128587330873,
    -7.832128587335726,
    -7.832128587340788,
    -7.832128587344393,
    -7.832128587348626,
    -7.832128587350626
  ],
  "opt_params": [
    0.00011340294178294389,
    0.0005614802197317505,
    -0.13605177626895804,
    0.02004966176753702,
    -0.0006337562202912937,
    0.0008215359437575635,
    0.07336582752165247,
    -0.016819087040116604,
    -0.0037753149596521296,
    0.00027071988366813215,
    0.0007216125521269825,
    -0.0017133696291792356,
    -0.0017661408005443632,
    -0.0024454347904707785,
    -0.0017654528183626954,
    -0.002445429510698909,
    -0.0013728347403296583,
    -0.00037011176492313325,
    -0.0005251239933565057,
    -0.0552503475125656,
    0.15058931998473732,
    -0.02082612708679793,
    -0.020830648045147362,
    -0.19313224394411768
  ]
}