{
  "mol_name": "LiH",
  "ansatz": "PUCCD",
  "basis": "sto-3g",
  "R_angstrom": 2.5,
  "optimizer": "L-BFGS-B(maxiter=200)",
  "seed": 42,
  "n_qubits": 8,
  "n_params": 16,
  "circuit_depth": 650,
  "e_hf": -7.770873669221905,
  "e_ccsd": -7.823683464018432,
  "e_fci": -7.823723883467703,
  "e_vqe": -7.804214310207639,
  "e_vqe_best": -7.804214310207639,
  "error_ccsd_mha": 19.469153810792506,
  "error_fci_mha": 19.50957326006364,
  "corr_pct": 63.13344165451452,
  "wall_min": 4.84,
  "eval_counts": [
    1,
    2,
    3,
    4,
    5,
    6,
    7,
    8,
    9,
    10,
    11,
    12,
    13,
    14,
    15,
    16,
    17,
    18,
    19,
    20,
    21,
    22,
    23,
    24,
    25,
    26
  ],
  "eval_energies": [
    -7.790822757429751,
    -7.483052330851024,
    -7.8030699013692395,
    -7.790457802325179,
    -7.803698771037062,
    -7.803974729214451,
    -7.8041031933982055,
    -7.804130734322255,
    -7.804164746624624,
    -7.804168640059586,
    -7.804175588998534,
    -7.804192234726566,
    -7.804200279931493,
    -7.804208813509796,
    -7.804211434356732,
    -7.80421356203969,
    -7.804214220480501,
    -7.804213823843604,
    -7.804214293713743,
    -7.804214307177006,
    -7.804214308508211,
    -7.804214309500063,
    -7.804214310027271,
    -7.8042143098623225,
    -7.804214310187204,
    -7.804214310207639
  ],
  "opt_params": [
    -0.0010118438605520288,
    0.00016456542732883552,
    0.07488980165719224,
    -0.03293612727166485,
    -0.0010118438605474054,
    0.00016456542732922908,
    0.07488980165714146,
    -0.03293612727164422,
    -0.004413102536378666,
    -0.0017292556344688115,
    -0.0017284912790818386,
    -0.0012000151774333712,
    -0.01665133642542403,
    -0.020836674942244636,
    -0.020841195588206036,
    -0.23813932781087147
  ]
}