{
  "mol_name": "LiH",
  "ansatz": "PUCCD",
  "basis": "sto-3g",
  "R_angstrom": 2.4,
  "optimizer": "L-BFGS-B(maxiter=200)",
  "seed": 42,
  "n_qubits": 8,
  "n_params": 16,
  "circuit_depth": 650,
  "e_hf": -7.783381627155395,
  "e_ccsd": -7.830597505520918,
  "e_fci": -7.8306316244241145,
  "e_vqe": -7.8143586283372155,
  "e_vqe_best": -7.8143586283372155,
  "error_ccsd_mha": 16.238877183702094,
  "error_fci_mha": 16.272996086899028,
  "corr_pct": 65.60716914342166,
  "wall_min": 5.32,
  "eval_counts": [
    1,
    2,
    3,
    4,
    5,
    6,
    7,
    8,
    9,
    10,
    11,
    12,
    13,
    14,
    15,
    16,
    17,
    18,
    19,
    20,
    21,
    22,
    23,
    24,
    25,
    26,
    27,
    28,
    29
  ],
  "eval_energies": [
    -7.804836171874641,
    -7.460355064661304,
    -7.8134922445698525,
    -7.805464067956345,
    -7.813938519551057,
    -7.814154077733427,
    -7.814239947610428,
    -7.814271491077211,
    -7.81429651256696,
    -7.814301811245821,
    -7.814315091003344,
    -7.814338449191933,
    -7.81433201239116,
    -7.8143444648783085,
    -7.814353910328485,
    -7.814356988654154,
    -7.814358272351788,
    -7.814358608275597,
    -7.814358545341133,
    -7.814358617622171,
    -7.814358626708328,
    -7.814358627616187,
    -7.814358626872503,
    -7.814358628002497,
    -7.814358628311048,
    -7.814358628333199,
    -7.81435862833699,
    -7.814358628336485,
    -7.8143586283372155
  ],
  "opt_params": [
    -0.0008803166117019261,
    -9.033150426272756e-05,
    0.06097179173366604,
    0.02424278699488502,
    -0.0008803166117217544,
    -9.033150425820552e-05,
    0.06097179173365563,
    0.02424278699490431,
    -0.004355951412455872,
    -0.0017282514507464413,
    -0.0017274402357393126,
    -0.001264121671862483,
    -0.01631555753930972,
    -0.021631159111873254,
    -0.021636217684361234,
    -0.22031797122770366
  ]
}