{
  "mol_name": "LiH",
  "ansatz": "PUCCD",
  "basis": "sto-3g",
  "R_angstrom": 1.35,
  "optimizer": "L-BFGS-B(maxiter=200)",
  "seed": 42,
  "n_qubits": 8,
  "n_params": 16,
  "circuit_depth": 650,
  "e_hf": -7.857076223699808,
  "e_ccsd": -7.874574029536138,
  "e_fci": -7.8745818478477965,
  "e_vqe": -7.871196658916807,
  "e_vqe_best": -7.871196658916807,
  "error_ccsd_mha": 3.377370619331188,
  "error_fci_mha": 3.385188930989713,
  "corr_pct": 80.69831925829847,
  "wall_min": 3.99,
  "eval_counts": [
    1,
    2,
    3,
    4,
    5,
    6,
    7,
    8,
    9,
    10,
    11,
    12,
    13,
    14,
    15,
    16,
    17,
    18,
    19,
    20,
    21,
    22
  ],
  "eval_energies": [
    -7.870578559309692,
    -7.297592266810845,
    -7.871013496476209,
    -7.870897908388084,
    -7.871076872065267,
    -7.871108203140798,
    -7.8711262571543035,
    -7.871168509293145,
    -7.8711845119007755,
    -7.871193758100906,
    -7.8711952289114056,
    -7.871195881166058,
    -7.871196629331273,
    -7.871196509908243,
    -7.871196648999984,
    -7.871196657583717,
    -7.871196658486372,
    -7.871196658775146,
    -7.8711966588920035,
    -7.871196658852016,
    -7.871196658914203,
    -7.871196658916807
  ],
  "opt_params": [
    -0.00030326820311367213,
    0.00029966880119131875,
    0.008460332931165139,
    0.0011750201542604219,
    -0.0003032682031365044,
    0.0002996688012028807,
    0.008460332931169504,
    0.0011750201542538746,
    -0.003998482913059813,
    -0.0016783381590435356,
    -0.001676658111299016,
    -0.00045137334487499106,
    -0.006683774418250854,
    -0.03168735491675679,
    -0.03170328335449417,
    -0.10079500594660293
  ]
}