{
  "mol_name": "LiH",
  "ansatz": "SUCCD",
  "basis": "sto-3g",
  "R_angstrom": 1.35,
  "optimizer": "L-BFGS-B(maxiter=200)",
  "seed": 42,
  "n_qubits": 8,
  "n_params": 24,
  "circuit_depth": 1314,
  "e_hf": -7.857076223699808,
  "e_ccsd": -7.874574029536138,
  "e_fci": -7.8745818478477965,
  "e_vqe": -7.872920000038734,
  "e_vqe_best": -7.872920000038734,
  "error_ccsd_mha": 1.6540294974038972,
  "error_fci_mha": 1.6618478090624222,
  "corr_pct": 90.54721767474568,
  "wall_min": 19.49,
  "eval_counts": [
    1,
    2,
    3,
    4,
    5,
    6,
    7,
    8,
    9,
    10,
    11,
    12,
    13,
    14,
    15,
    16,
    17,
    18,
    19,
    20,
    21,
    22,
    23,
    24,
    25,
    26,
    27,
    28,
    29,
    30,
    31,
    32,
    33
  ],
  "eval_energies": [
    -7.871790936377774,
    -7.390867506199495,
    -7.872360860632664,
    -7.87242154009685,
    -7.872612443784597,
    -7.872651035876078,
    -7.872812012490156,
    -7.87278184641027,
    -7.872871682021991,
    -7.872900753141138,
    -7.872912132533742,
    -7.8729157198245545,
    -7.872917998456975,
    -7.8729186389046415,
    -7.872919010006235,
    -7.87291936831803,
    -7.872919371168729,
    -7.872919598297953,
    -7.872919898585586,
    -7.8729199738679725,
    -7.872919997614352,
    -7.8729199807536006,
    -7.872919999189527,
    -7.872919999575519,
    -7.8729199998377855,
    -7.872919999962212,
    -7.872919999970909,
    -7.8729200000207555,
    -7.872920000027834,
    -7.872920000035,
    -7.872920000035435,
    -7.872920000037999,
    -7.872920000038734
  ],
  "opt_params": [
    -0.00022273138319429272,
    0.00048582819129377005,
    -0.03592437835467395,
    0.0004976041507491386,
    -0.00030114913033134794,
    0.0003841711824906837,
    0.01010124496137063,
    -0.0013676732268440056,
    -0.003861641994514087,
    -0.0003341265490811971,
    -4.787309743890824e-05,
    0.001109772172716516,
    -0.0017370484921333902,
    -0.00287337310318638,
    -0.0017354256613074073,
    -0.002873393677592445,
    -0.0004668231552083702,
    0.00013781866651705607,
    -0.0006151404886379097,
    -0.016562606614919262,
    0.050429573369413457,
    -0.030985779617296108,
    -0.031000663724830856,
    -0.10050393887518921
  ]
}