{
  "mol_name": "LiH",
  "ansatz": "SUCCD",
  "basis": "sto-3g",
  "R_angstrom": 2.1,
  "optimizer": "L-BFGS-B(maxiter=200)",
  "seed": 42,
  "n_qubits": 8,
  "n_params": 24,
  "circuit_depth": 1314,
  "e_hf": -7.8197702577777175,
  "e_ccsd": -7.853442143789907,
  "e_fci": -7.853462905056595,
  "e_vqe": -7.849110577302862,
  "e_vqe_best": -7.849110577302862,
  "error_ccsd_mha": 4.331566487045357,
  "error_fci_mha": 4.352327753733398,
  "corr_pct": 87.13595524326362,
  "wall_min": 27.79,
  "eval_counts": [
    1,
    2,
    3,
    4,
    5,
    6,
    7,
    8,
    9,
    10,
    11,
    12,
    13,
    14,
    15,
    16,
    17,
    18,
    19,
    20,
    21,
    22,
    23,
    24,
    25,
    26,
    27,
    28,
    29,
    30,
    31,
    32,
    33,
    34,
    35,
    36,
    37,
    38,
    39,
    40,
    41,
    42,
    43,
    44,
    45,
    46
  ],
  "eval_energies": [
    -7.844122624579437,
    -7.445227948917144,
    -7.847097686068108,
    -7.8458120000406035,
    -7.8475820195919175,
    -7.847837032647965,
    -7.847999685724093,
    -7.8484646931831525,
    -7.848637709880122,
    -7.848824083479941,
    -7.848910134974836,
    -7.849005640836798,
    -7.8490795499233075,
    -7.849030737421612,
    -7.849089305320603,
    -7.849094554518968,
    -7.849096197402887,
    -7.849098458361806,
    -7.8491026825766275,
    -7.849104710927414,
    -7.849108910839354,
    -7.84910964905792,
    -7.849110223868618,
    -7.849110297763494,
    -7.849110515601578,
    -7.849110548033022,
    -7.849110557674266,
    -7.849110569089498,
    -7.849110570764908,
    -7.849110576156256,
    -7.849110576535003,
    -7.849110576777805,
    -7.849110576947692,
    -7.849110577046553,
    -7.849110577156529,
    -7.849110577190751,
    -7.849110577218386,
    -7.8491105772517225,
    -7.849110577263565,
    -7.849110577277341,
    -7.849110577282198,
    -7.849110577289124,
    -7.849110577295554,
    -7.849110577300908,
    -7.849110577302398,
    -7.849110577302862
  ],
  "opt_params": [
    -5.8306890959696476e-05,
    0.00047620908691880224,
    -0.09082188648199363,
    0.00797142601084987,
    -0.000526698210008344,
    0.0006001037623406026,
    0.04452013384618353,
    -0.008127323302198392,
    -0.0038839065570514244,
    0.0003900234889947094,
    0.000518966668549143,
    -0.0015124732888969765,
    -0.0017660043584355894,
    -0.002653530195825331,
    -0.0017651330374739156,
    -0.0026535338494061158,
    -0.0014145345590518216,
    -0.0005624083222395101,
    -0.00034612364450556653,
    -0.041913883701337175,
    0.11311394076031345,
    -0.022795510997547373,
    -0.022801434652546557,
    -0.1684489878330788
  ]
}