{
  "mol_name": "LiH",
  "ansatz": "SUCCD",
  "basis": "sto-3g",
  "R_angstrom": 2.5,
  "optimizer": "L-BFGS-B(maxiter=200)",
  "seed": 42,
  "n_qubits": 8,
  "n_params": 24,
  "circuit_depth": 1314,
  "e_hf": -7.770873669221905,
  "e_ccsd": -7.823683464018432,
  "e_fci": -7.823723883467703,
  "e_vqe": -7.816189262618229,
  "e_vqe_best": -7.816189262618229,
  "error_ccsd_mha": 7.494201400202627,
  "error_fci_mha": 7.534620849473761,
  "corr_pct": 85.809069266265,
  "wall_min": 30.29,
  "eval_counts": [
    1,
    2,
    3,
    4,
    5,
    6,
    7,
    8,
    9,
    10,
    11,
    12,
    13,
    14,
    15,
    16,
    17,
    18,
    19,
    20,
    21,
    22,
    23,
    24,
    25,
    26,
    27,
    28,
    29,
    30,
    31,
    32,
    33,
    34,
    35,
    36,
    37,
    38,
    39,
    40,
    41,
    42,
    43,
    44,
    45,
    46,
    47,
    48,
    49,
    50,
    51
  ],
  "eval_energies": [
    -7.799124399987354,
    -7.479460787767922,
    -7.809875883555145,
    -7.801698348082239,
    -7.811305074712285,
    -7.81197027900191,
    -7.812416254830126,
    -7.813332533195277,
    -7.813733019613645,
    -7.814134034241329,
    -7.814537066170052,
    -7.8151336399571765,
    -7.815741833914782,
    -7.814660119668126,
    -7.815859853521639,
    -7.815984972782031,
    -7.816015879396263,
    -7.816031997433761,
    -7.816067508567366,
    -7.816103629916272,
    -7.816136116510149,
    -7.816164635204936,
    -7.816177902765679,
    -7.816186596345249,
    -7.8161799245756605,
    -7.816188377748887,
    -7.8161887632422715,
    -7.816188944020764,
    -7.816189101905724,
    -7.816189080212332,
    -7.816189143349927,
    -7.816189196205444,
    -7.8161892226385365,
    -7.816189247174474,
    -7.816189253675997,
    -7.8161892603531005,
    -7.816189260948839,
    -7.816189261148722,
    -7.816189261376822,
    -7.816189261709031,
    -7.816189262085327,
    -7.816189262354609,
    -7.816189261739922,
    -7.816189262436067,
    -7.8161892625792895,
    -7.816189262606896,
    -7.816189262611429,
    -7.816189262615735,
    -7.816189262616573,
    -7.8161892626178755,
    -7.816189262618229
  ],
  "opt_params": [
    0.00043493974945910206,
    -0.0007903367046884254,
    -0.2129623751697296,
    -0.045468737139416175,
    -0.0007142042391589838,
    -0.001283713348260395,
    0.12282706706420389,
    0.03972459083806365,
    -0.0035606710380754266,
    -7.490022077496221e-05,
    0.0009182071327874183,
    0.0017951065316311886,
    -0.0017658769655008117,
    -0.002062871714125073,
    -0.001765356054554477,
    -0.0020628583908458274,
    -0.001319312045555018,
    3.8308002171313415e-05,
    -0.000684779276055733,
    -0.06971099055739641,
    -0.1998587580822931,
    -0.01883639240155793,
    -0.018839735787356867,
    -0.2142224258417364
  ]
}