{
  "mol_name": "LiH",
  "ansatz": "SUCCD",
  "basis": "sto-3g",
  "R_angstrom": 2.2,
  "optimizer": "L-BFGS-B(maxiter=200)",
  "seed": 42,
  "n_qubits": 8,
  "n_params": 24,
  "circuit_depth": 1314,
  "e_hf": -7.807994369272983,
  "e_ccsd": -7.845659250705838,
  "e_fci": -7.845683623197182,
  "e_vqe": -7.840610279307834,
  "e_vqe_best": -7.840610279307834,
  "error_ccsd_mha": 5.048971398004198,
  "error_fci_mha": 5.073343889348436,
  "corr_pct": 86.59501581863475,
  "wall_min": 28.76,
  "eval_counts": [
    1,
    2,
    3,
    4,
    5,
    6,
    7,
    8,
    9,
    10,
    11,
    12,
    13,
    14,
    15,
    16,
    17,
    18,
    19,
    20,
    21,
    22,
    23,
    24,
    25,
    26,
    27,
    28,
    29,
    30,
    31,
    32,
    33,
    34,
    35,
    36,
    37,
    38,
    39,
    40,
    41,
    42,
    43,
    44,
    45,
    46,
    47
  ],
  "eval_energies": [
    -7.833903805842722,
    -7.449983958840011,
    -7.837980769152983,
    -7.835871046457262,
    -7.838604684418039,
    -7.838928106741614,
    -7.839131569939136,
    -7.839681958679556,
    -7.8399045453942,
    -7.840129403743621,
    -7.840264545943736,
    -7.840424914466578,
    -7.840551856465037,
    -7.840464876466227,
    -7.840571895688457,
    -7.840581862019695,
    -7.840584756992168,
    -7.840587919874341,
    -7.840594801934216,
    -7.840600567916674,
    -7.840606457984746,
    -7.840608286176359,
    -7.8406096151610924,
    -7.840609716082694,
    -7.840610158307111,
    -7.840610200249522,
    -7.840610240578316,
    -7.840610231587469,
    -7.840610253474448,
    -7.840610267273361,
    -7.840610276234473,
    -7.840610276042968,
    -7.8406102774406445,
    -7.840610278032418,
    -7.840610278472054,
    -7.840610278633763,
    -7.840610278771209,
    -7.840610278926315,
    -7.840610279087665,
    -7.84061027905525,
    -7.840610279172479,
    -7.8406102792630215,
    -7.840610279291711,
    -7.840610279301968,
    -7.8406102793047445,
    -7.840610279307574,
    -7.840610279307834
  ],
  "opt_params": [
    1.3847047892302349e-05,
    0.0005070976761792236,
    -0.11038445223113538,
    0.01282584896709596,
    -0.0005791956627732144,
    0.0006905687510231125,
    0.0569491948135293,
    -0.011399463513621637,
    -0.0038391213675096655,
    0.00034132267179143885,
    0.0006178645019236762,
    -0.0016280374038439398,
    -0.0017661902368808215,
    -0.0025657560360832854,
    -0.0017654057673935257,
    -0.00256575560271129,
    -0.0013988768344039872,
    -0.0004848218355207048,
    -0.0004354605931295806,
    -0.04822635754355878,
    0.13032764917336434,
    -0.021805526956119814,
    -0.02181071157100245,
    -0.1808778816409828
  ]
}