{
  "mol_name": "LiH",
  "ansatz": "PUCCD",
  "basis": "sto-3g",
  "R_angstrom": 2.0,
  "optimizer": "L-BFGS-B(maxiter=200)",
  "seed": 42,
  "n_qubits": 8,
  "n_params": 16,
  "circuit_depth": 650,
  "e_hf": -7.83090558463708,
  "e_ccsd": -7.8610699429473545,
  "e_fci": -7.861087772481495,
  "e_vqe": -7.853128077264806,
  "e_vqe_best": -7.853128077264806,
  "error_ccsd_mha": 7.94186568254851,
  "error_fci_mha": 7.9596952166891555,
  "corr_pct": 73.67135875771879,
  "wall_min": 4.16,
  "eval_counts": [
    1,
    2,
    3,
    4,
    5,
    6,
    7,
    8,
    9,
    10,
    11,
    12,
    13,
    14,
    15,
    16,
    17,
    18,
    19,
    20,
    21,
    22,
    23
  ],
  "eval_energies": [
    -7.850657983058168,
    -7.391220664629492,
    -7.852776010513363,
    -7.851502471658792,
    -7.852912094032895,
    -7.852988943623929,
    -7.8530196519098325,
    -7.853065388858431,
    -7.853089073573557,
    -7.853100963771162,
    -7.853112751132922,
    -7.853121964584211,
    -7.853127314323453,
    -7.85312772763991,
    -7.853128040443762,
    -7.853128062152097,
    -7.853128067875003,
    -7.853128076152698,
    -7.853128077199953,
    -7.853128077253453,
    -7.853128077261868,
    -7.8531280772643015,
    -7.853128077264806
  ],
  "opt_params": [
    -0.0005318313254802136,
    0.00010720233874442934,
    0.02665503959288353,
    0.0060221563548754796,
    -0.0005318313254764092,
    0.00010720233874390879,
    0.026655039592866126,
    0.006022156354874463,
    -0.004206218577022391,
    -0.0017227637852020245,
    -0.001721669464429418,
    -0.001398158333197328,
    -0.012931138215557322,
    -0.02499928651455172,
    -0.02500709293124264,
    -0.15952412750289124
  ]
}