{
  "mol_name": "LiH",
  "ansatz": "SUCCD",
  "basis": "sto-3g",
  "R_angstrom": 1.5,
  "optimizer": "L-BFGS-B(maxiter=200)",
  "seed": 42,
  "n_qubits": 8,
  "n_params": 24,
  "circuit_depth": 1314,
  "e_hf": -7.86335762153512,
  "e_ccsd": -7.882352908641178,
  "e_fci": -7.882362286798728,
  "e_vqe": -7.8804605916999755,
  "e_vqe_best": -7.8804605916999755,
  "error_ccsd_mha": 1.8923169412028429,
  "error_fci_mha": 1.9016950987529313,
  "corr_pct": 90.03796609844709,
  "wall_min": 17.73,
  "eval_counts": [
    1,
    2,
    3,
    4,
    5,
    6,
    7,
    8,
    9,
    10,
    11,
    12,
    13,
    14,
    15,
    16,
    17,
    18,
    19,
    20,
    21,
    22,
    23,
    24,
    25,
    26,
    27,
    28,
    29,
    30
  ],
  "eval_energies": [
    -7.879109964839007,
    -7.418951900629093,
    -7.879816905622736,
    -7.879833162342839,
    -7.879995501832555,
    -7.880093100731077,
    -7.880166986029538,
    -7.880325730813773,
    -7.8803932388577955,
    -7.880441999760855,
    -7.880447828845547,
    -7.880455623306787,
    -7.88045822831249,
    -7.880458551026161,
    -7.880459263315979,
    -7.880459429930861,
    -7.880459914775335,
    -7.88046030508997,
    -7.8804596153156865,
    -7.880460438592559,
    -7.880460574279638,
    -7.880460586599661,
    -7.880460589431252,
    -7.88046059090162,
    -7.880460591455595,
    -7.8804605915930495,
    -7.880460591647232,
    -7.880460591663272,
    -7.8804605916992205,
    -7.8804605916999755
  ],
  "opt_params": [
    -0.00021200611679139902,
    0.00047080215421624387,
    -0.03989507308610877,
    0.0002065196470005116,
    -0.00033079225470839717,
    0.00039935642103826487,
    0.012434644272169627,
    -0.0021755686656496666,
    -0.003914622070430914,
    2.1528445601475076e-05,
    5.265669308879482e-05,
    0.00020940444925512968,
    -0.0017509973225696238,
    -0.002865602596406137,
    -0.0017495299823191554,
    -0.0028656209432557428,
    -0.0008445744680930661,
    -0.00023903606339414712,
    -0.00023963190941408825,
    -0.01928291456670756,
    0.05631950824241182,
    -0.029189709772609436,
    -0.02920215898100116,
    -0.10837935047102164
  ]
}