{
  "mol_name": "LiH",
  "ansatz": "PUCCD",
  "basis": "sto-3g",
  "R_angstrom": 2.6,
  "optimizer": "L-BFGS-B(maxiter=200)",
  "seed": 42,
  "n_qubits": 8,
  "n_params": 16,
  "circuit_depth": 650,
  "e_hf": -7.758404399049614,
  "e_ccsd": -7.817352273863453,
  "e_fci": -7.8173999274494514,
  "e_vqe": -7.794085185998394,
  "e_vqe_best": -7.794085185998394,
  "error_ccsd_mha": 23.267087865058933,
  "error_fci_mha": 23.314741451057053,
  "corr_pct": 60.52938644770855,
  "wall_min": 4.8,
  "eval_counts": [
    1,
    2,
    3,
    4,
    5,
    6,
    7,
    8,
    9,
    10,
    11,
    12,
    13,
    14,
    15,
    16,
    17,
    18,
    19,
    20,
    21,
    22,
    23,
    24,
    25,
    26
  ],
  "eval_energies": [
    -7.775540199760442,
    -7.507210901760821,
    -7.792543855002615,
    -7.773142356569192,
    -7.7934327662054965,
    -7.793779073499687,
    -7.793979263984372,
    -7.793998098386169,
    -7.794057691499104,
    -7.7940605899459765,
    -7.794064284301832,
    -7.794072388050099,
    -7.794072871823028,
    -7.7940778575142176,
    -7.7940796801321675,
    -7.794082408911946,
    -7.794084573449055,
    -7.794084500356693,
    -7.794084926814362,
    -7.794085156147091,
    -7.794085180773152,
    -7.79408518589285,
    -7.794085185978256,
    -7.794085185996913,
    -7.794085185997702,
    -7.794085185998394
  ],
  "opt_params": [
    -0.001164988977393972,
    0.0002526385795152545,
    0.09193367266668166,
    -0.044251985927972914,
    -0.001164988977396145,
    0.000252638579513382,
    0.09193367266664536,
    -0.04425198592795997,
    -0.004484270059996019,
    -0.0017304669925304454,
    -0.0017297903204160636,
    -0.0011309874390396245,
    -0.01660049772463886,
    -0.02002607917159641,
    -0.02003009149812783,
    -0.25735774182413235
  ]
}