{
  "mol_name": "LiH",
  "ansatz": "SUCCD",
  "basis": "sto-3g",
  "R_angstrom": 1.3,
  "optimizer": "L-BFGS-B(maxiter=200)",
  "seed": 42,
  "n_qubits": 8,
  "n_params": 24,
  "circuit_depth": 1314,
  "e_hf": -7.85195385795879,
  "e_ccsd": -7.869132632022657,
  "e_fci": -7.869139976352029,
  "e_vqe": -7.867535487234134,
  "e_vqe_best": -7.867535487234134,
  "error_ccsd_mha": 1.5971447885227974,
  "error_fci_mha": 1.6044891178950138,
  "corr_pct": 90.70280112780468,
  "wall_min": 19.13,
  "eval_counts": [
    1,
    2,
    3,
    4,
    5,
    6,
    7,
    8,
    9,
    10,
    11,
    12,
    13,
    14,
    15,
    16,
    17,
    18,
    19,
    20,
    21,
    22,
    23,
    24,
    25,
    26,
    27,
    28,
    29,
    30,
    31,
    32
  ],
  "eval_energies": [
    -7.866458956195427,
    -7.3763060273256364,
    -7.866995238561845,
    -7.8670658934318425,
    -7.867241789765785,
    -7.867279934985035,
    -7.867431906465905,
    -7.867408913526798,
    -7.867490365820217,
    -7.86751722968733,
    -7.867528225423335,
    -7.86753180322952,
    -7.867532769191916,
    -7.867534197455026,
    -7.867534361471458,
    -7.867534816582522,
    -7.867535203979594,
    -7.867534430098493,
    -7.867535325055142,
    -7.867535461721133,
    -7.867535481689519,
    -7.867535479955688,
    -7.867535484722318,
    -7.867535486566908,
    -7.867535487034154,
    -7.867535487137765,
    -7.867535487202627,
    -7.867535487213832,
    -7.86753548723007,
    -7.867535487229574,
    -7.867535487233447,
    -7.867535487234134
  ],
  "opt_params": [
    -0.00022860237730140085,
    0.0004936412937471185,
    -0.03500069543429975,
    0.0006769892629554872,
    -0.00029114262392526105,
    0.0003810686143320542,
    0.009608112055114259,
    -0.001087962003021593,
    -0.0038352063483017055,
    -0.0004832091427427332,
    -8.259954009816363e-05,
    0.0014729729719682794,
    -0.0017303251980011864,
    -0.002872680144887931,
    -0.0017286106734860263,
    -0.0028727026585430846,
    -0.0003468846909690059,
    0.00030489537843049166,
    -0.0008156785728044087,
    -0.015824526787952004,
    0.04896978856913437,
    -0.03163046307761824,
    -0.031646306429728745,
    -0.09872301143801751
  ]
}