{
  "mol_name": "LiH",
  "ansatz": "PUCCD",
  "basis": "sto-3g",
  "R_angstrom": 1.596,
  "optimizer": "L-BFGS-B(maxiter=200)",
  "seed": 42,
  "n_qubits": 8,
  "n_params": 16,
  "circuit_depth": 650,
  "e_hf": -7.861992688740797,
  "e_ccsd": -7.882376485164726,
  "e_fci": -7.882386993638956,
  "e_vqe": -7.8780351791208485,
  "e_vqe_best": -7.8780351791208485,
  "error_ccsd_mha": 4.341306043877502,
  "error_fci_mha": 4.351814518107844,
  "corr_pct": 78.70217130513979,
  "wall_min": 4.45,
  "eval_counts": [
    1,
    2,
    3,
    4,
    5,
    6,
    7,
    8,
    9,
    10,
    11,
    12,
    13,
    14,
    15,
    16,
    17,
    18,
    19,
    20,
    21,
    22,
    23,
    24
  ],
  "eval_energies": [
    -7.877139570287309,
    -7.341607929338931,
    -7.8778229838505105,
    -7.87757279794411,
    -7.877895086410653,
    -7.8779335614824095,
    -7.877953896087783,
    -7.878002544360889,
    -7.8780186633723215,
    -7.878029252310691,
    -7.878031836952374,
    -7.878033583589541,
    -7.878035073225647,
    -7.878035052827498,
    -7.878035138012796,
    -7.878035175831366,
    -7.878035177551487,
    -7.878035178608329,
    -7.878035179007059,
    -7.8780351789939544,
    -7.878035179106444,
    -7.878035179118678,
    -7.878035179120362,
    -7.8780351791208485
  ],
  "opt_params": [
    -0.00036683946001369645,
    0.00022392850247051835,
    0.012078240113917362,
    0.0012814469312269344,
    -0.00036683946000509363,
    0.00022392850247394649,
    0.012078240113915022,
    0.0012814469312303015,
    -0.004096300066823982,
    -0.0017060574979011812,
    -0.0017046037755905532,
    -0.001044786876306715,
    -0.008801486946566845,
    -0.02894485567570855,
    -0.02895698880402553,
    -0.11596538825043222
  ]
}