{
  "mol_name": "LiH",
  "ansatz": "SUCCD",
  "basis": "sto-3g",
  "R_angstrom": 2.0,
  "optimizer": "L-BFGS-B(maxiter=200)",
  "seed": 42,
  "n_qubits": 8,
  "n_params": 24,
  "circuit_depth": 1314,
  "e_hf": -7.83090558463708,
  "e_ccsd": -7.8610699429473545,
  "e_fci": -7.861087772481495,
  "e_vqe": -7.857359548525114,
  "e_vqe_best": -7.857359548525114,
  "error_ccsd_mha": 3.710394422240526,
  "error_fci_mha": 3.7282239563811714,
  "corr_pct": 87.69940873903272,
  "wall_min": 26.79,
  "eval_counts": [
    1,
    2,
    3,
    4,
    5,
    6,
    7,
    8,
    9,
    10,
    11,
    12,
    13,
    14,
    15,
    16,
    17,
    18,
    19,
    20,
    21,
    22,
    23,
    24,
    25,
    26,
    27,
    28,
    29,
    30,
    31,
    32,
    33,
    34,
    35,
    36,
    37,
    38,
    39,
    40,
    41,
    42,
    43,
    44
  ],
  "eval_energies": [
    -7.853585486050767,
    -7.442290753086677,
    -7.855790429356825,
    -7.855024877122913,
    -7.856174348849752,
    -7.856378310523555,
    -7.8565116234573384,
    -7.856904807601044,
    -7.857034186058007,
    -7.8571899931022,
    -7.857243415256523,
    -7.857299523917225,
    -7.85734193303662,
    -7.857315274272615,
    -7.85734688580097,
    -7.857350035759675,
    -7.857351083451951,
    -7.857352900788987,
    -7.857355596988226,
    -7.857352874995856,
    -7.857356660945481,
    -7.857358508892759,
    -7.857359115905783,
    -7.857359418515353,
    -7.857359384955144,
    -7.857359487490893,
    -7.85735951583368,
    -7.857359529522343,
    -7.857359540005593,
    -7.857359545093017,
    -7.857359547467837,
    -7.8573595478856895,
    -7.85735954826232,
    -7.8573595482718375,
    -7.85735954837172,
    -7.857359548454459,
    -7.85735954847811,
    -7.857359548497808,
    -7.857359548506334,
    -7.857359548518033,
    -7.857359548521716,
    -7.857359548523766,
    -7.857359548523972,
    -7.857359548525114
  ],
  "opt_params": [
    -0.00011053021858787919,
    0.00046064093449880647,
    -0.07587637126616259,
    0.004756477457668509,
    -0.0004795818775147139,
    0.0005368263477010602,
    0.0350666081938238,
    -0.006124801852927217,
    -0.003914200368826736,
    0.0004141161655723964,
    0.000426773113244519,
    -0.001362467593826674,
    -0.0017655387550551275,
    -0.0027182582272932427,
    -0.001764577369839488,
    -0.002718265376825423,
    -0.0014124541686681054,
    -0.0006044390851049038,
    -0.0002615104619245143,
    -0.03641513497539441,
    0.09865109718514749,
    -0.023803935791524008,
    -0.02381068262593058,
    -0.15627632836946778
  ]
}