{
  "mol_name": "LiH",
  "ansatz": "PUCCD",
  "basis": "sto-3g",
  "R_angstrom": 1.7,
  "optimizer": "L-BFGS-B(maxiter=200)",
  "seed": 42,
  "n_qubits": 8,
  "n_params": 16,
  "circuit_depth": 650,
  "e_hf": -7.857144960203829,
  "e_ccsd": -7.879421604613371,
  "e_fci": -7.879433516564259,
  "e_vqe": -7.874445635053083,
  "e_vqe_best": -7.874445635053083,
  "error_ccsd_mha": 4.975969560288007,
  "error_fci_mha": 4.987881511175907,
  "corr_pct": 77.66284064687626,
  "wall_min": 3.86,
  "eval_counts": [
    1,
    2,
    3,
    4,
    5,
    6,
    7,
    8,
    9,
    10,
    11,
    12,
    13,
    14,
    15,
    16,
    17,
    18,
    19,
    20,
    21,
    22
  ],
  "eval_energies": [
    -7.87333743091803,
    -7.354896273959073,
    -7.874212438189686,
    -7.8738463485435775,
    -7.874292630638551,
    -7.874336439847196,
    -7.874358164679546,
    -7.874408849454491,
    -7.874426190762171,
    -7.874437426638701,
    -7.874440928385156,
    -7.874443521457526,
    -7.874445501628203,
    -7.874445524045812,
    -7.874445628917688,
    -7.8744456322548695,
    -7.874445633588365,
    -7.874445634903821,
    -7.874445634145672,
    -7.874445634985299,
    -7.874445635048729,
    -7.874445635053083
  ],
  "opt_params": [
    -0.00039849481953952825,
    0.00019663602334110924,
    0.014616590117192175,
    0.0018027115545437647,
    -0.00039849481953993526,
    0.00019663602334280605,
    0.01461659011721575,
    0.001802711554531099,
    -0.00412624845276263,
    -0.001712604610548502,
    -0.0017112801304753397,
    -0.001210946487256383,
    -0.00980838428287948,
    -0.027874960728339192,
    -0.027885786180661884,
    -0.12517537043063098
  ]
}