{
  "mol_name": "LiH",
  "ansatz": "PUCCD",
  "basis": "sto-3g",
  "R_angstrom": 1.4,
  "optimizer": "L-BFGS-B(maxiter=200)",
  "seed": 42,
  "n_qubits": 8,
  "n_params": 16,
  "circuit_depth": 650,
  "e_hf": -7.860538661021192,
  "e_ccsd": -7.878445337036781,
  "e_fci": -7.87845365227715,
  "e_vqe": -7.874923424705764,
  "e_vqe_best": -7.874923424705764,
  "error_ccsd_mha": 3.521912331017063,
  "error_fci_mha": 3.530227571386213,
  "corr_pct": 80.33184758605705,
  "wall_min": 3.95,
  "eval_counts": [
    1,
    2,
    3,
    4,
    5,
    6,
    7,
    8,
    9,
    10,
    11,
    12,
    13,
    14,
    15,
    16,
    17,
    18,
    19,
    20,
    21,
    22
  ],
  "eval_energies": [
    -7.874266417984253,
    -7.308903521560423,
    -7.874736097954817,
    -7.874602705432328,
    -7.874800357077679,
    -7.874832750510071,
    -7.874851305862044,
    -7.8748952367646,
    -7.874910316818142,
    -7.8749199157149254,
    -7.874921643623149,
    -7.874922453965824,
    -7.874923382757182,
    -7.874923342351175,
    -7.874923406822336,
    -7.874923423618626,
    -7.874923424182458,
    -7.874923424613171,
    -7.874923424601165,
    -7.874923424669427,
    -7.874923424703716,
    -7.874923424705764
  ],
  "opt_params": [
    -0.00031597422324643713,
    0.00028172406946071085,
    0.008955987163286485,
    0.001094250801148424,
    -0.00031597422323763737,
    0.0002817240694613137,
    0.008955987163266151,
    0.0010942508011542325,
    -0.004023297532807768,
    -0.001685897684673859,
    -0.0016842601031737618,
    -0.0005839017042233413,
    -0.007084146967208716,
    -0.031095448094415695,
    -0.031110498960178735,
    -0.1030635992396692
  ]
}