{
  "mol_name": "LiH",
  "ansatz": "SUCCD",
  "basis": "sto-3g",
  "R_angstrom": 1.4,
  "optimizer": "L-BFGS-B(maxiter=200)",
  "seed": 42,
  "n_qubits": 8,
  "n_params": 24,
  "circuit_depth": 1314,
  "e_hf": -7.860538661021192,
  "e_ccsd": -7.878445337036781,
  "e_fci": -7.87845365227715,
  "e_vqe": -7.8767235726590625,
  "e_vqe_best": -7.8767235726590625,
  "error_ccsd_mha": 1.7217643777183156,
  "error_fci_mha": 1.7300796180874656,
  "corr_pct": 90.38479069918182,
  "wall_min": 17.99,
  "eval_counts": [
    1,
    2,
    3,
    4,
    5,
    6,
    7,
    8,
    9,
    10,
    11,
    12,
    13,
    14,
    15,
    16,
    17,
    18,
    19,
    20,
    21,
    22,
    23,
    24,
    25,
    26,
    27,
    28,
    29,
    30
  ],
  "eval_energies": [
    -7.875532384094863,
    -7.402480649621412,
    -7.876141251251554,
    -7.876189920707188,
    -7.8763992558522,
    -7.876438222387256,
    -7.876608573908727,
    -7.876579234302942,
    -7.87667111792005,
    -7.876702873819936,
    -7.876714939686544,
    -7.8767187032517425,
    -7.876721339492977,
    -7.876722107757492,
    -7.876722564643575,
    -7.8767229708767035,
    -7.876723236191379,
    -7.876723464607507,
    -7.876723546224803,
    -7.876723569480917,
    -7.87672357161127,
    -7.87672357239489,
    -7.876723572542539,
    -7.876723572588145,
    -7.87672357263093,
    -7.876723572642125,
    -7.876723572654005,
    -7.87672357265632,
    -7.876723572657929,
    -7.8767235726590625
  ],
  "opt_params": [
    -0.00021852944065935343,
    0.0004797328102419495,
    -0.03703557630060021,
    0.00035622173536062194,
    -0.00031099964470341046,
    0.0003882249867254112,
    0.010728967425277477,
    -0.0016404604460249442,
    -0.003883175317026381,
    -0.00020047765537803638,
    -1.3984180092979988e-05,
    0.0007795113403183943,
    -0.001742592110960273,
    -0.0028724558893381577,
    -0.0017410746065500075,
    -0.0028724739661016387,
    -0.0005949222347379985,
    -7.25133995559076e-06,
    -0.00045494003069320273,
    -0.017380340608940413,
    0.05213016061546943,
    -0.03036859032593873,
    -0.030382602945790666,
    -0.10271744669645003
  ]
}