{
  "mol_name": "LiH",
  "ansatz": "PUCCD",
  "basis": "sto-3g",
  "R_angstrom": 1.9,
  "optimizer": "L-BFGS-B(maxiter=200)",
  "seed": 42,
  "n_qubits": 8,
  "n_params": 16,
  "circuit_depth": 650,
  "e_hf": -7.84111204077141,
  "e_ccsd": -7.868225342177469,
  "e_fci": -7.868240793853799,
  "e_vqe": -7.861497456455271,
  "e_vqe_best": -7.861497456455271,
  "error_ccsd_mha": 6.727885722198401,
  "error_fci_mha": 6.743337398527949,
  "corr_pct": 75.18603278354409,
  "wall_min": 4.37,
  "eval_counts": [
    1,
    2,
    3,
    4,
    5,
    6,
    7,
    8,
    9,
    10,
    11,
    12,
    13,
    14,
    15,
    16,
    17,
    18,
    19,
    20,
    21,
    22,
    23,
    24
  ],
  "eval_energies": [
    -7.85966018329307,
    -7.378540594966055,
    -7.861198137903762,
    -7.860374770098928,
    -7.861307840733498,
    -7.8613696390695855,
    -7.861396234969038,
    -7.86144541450263,
    -7.861467075933157,
    -7.861479203162397,
    -7.861486974207671,
    -7.86149307287831,
    -7.861497110985291,
    -7.861497404978317,
    -7.861497443451758,
    -7.861497450576199,
    -7.861497453017953,
    -7.861497456200367,
    -7.861497456142575,
    -7.8614974563488245,
    -7.861497456441534,
    -7.861497456453157,
    -7.861497456454781,
    -7.861497456455271
  ],
  "opt_params": [
    -0.00047845956289496933,
    0.00014022517961368222,
    0.021715628711279925,
    0.004044263073424369,
    -0.0004784595628934309,
    0.00014022517961305686,
    0.021715628711276334,
    0.004044263073439853,
    -0.0041789400517145145,
    -0.0017203655318845023,
    -0.0017192367307801327,
    -0.0013756811051198444,
    -0.011879211705298104,
    -0.025923768514860043,
    -0.025932478185242382,
    -0.14689406445728295
  ]
}