{
  "mol_name": "LiH",
  "ansatz": "SUCCD",
  "basis": "sto-3g",
  "R_angstrom": 1.65,
  "optimizer": "L-BFGS-B(maxiter=200)",
  "seed": 42,
  "n_qubits": 8,
  "n_params": 24,
  "circuit_depth": 1314,
  "e_hf": -7.859851704334235,
  "e_ccsd": -7.881167084401655,
  "e_fci": -7.881178293724992,
  "e_vqe": -7.878918405591751,
  "e_vqe_best": -7.878918405591751,
  "error_ccsd_mha": 2.248678809904092,
  "error_fci_mha": 2.2598881332411835,
  "corr_pct": 89.45043999782501,
  "wall_min": 19.93,
  "eval_counts": [
    1,
    2,
    3,
    4,
    5,
    6,
    7,
    8,
    9,
    10,
    11,
    12,
    13,
    14,
    15,
    16,
    17,
    18,
    19,
    20,
    21,
    22,
    23,
    24,
    25,
    26,
    27,
    28,
    29,
    30,
    31,
    32,
    33
  ],
  "eval_energies": [
    -7.87720509948992,
    -7.432424224445825,
    -7.878132660650413,
    -7.87806430748474,
    -7.878341621762209,
    -7.87845435384539,
    -7.8785366592399395,
    -7.87875444535303,
    -7.878807621236092,
    -7.878887003017265,
    -7.878897267605998,
    -7.878908540738905,
    -7.878914449902689,
    -7.8789128027355275,
    -7.878915556087204,
    -7.878916200890561,
    -7.878916580391627,
    -7.87891724744804,
    -7.878917794789595,
    -7.878918236922656,
    -7.878918357984734,
    -7.878918386601795,
    -7.87891839596162,
    -7.8789184022686545,
    -7.878918404939405,
    -7.878918403351685,
    -7.8789184052672585,
    -7.87891840540145,
    -7.878918405535325,
    -7.878918405570545,
    -7.878918405584855,
    -7.8789184055906425,
    -7.878918405591751
  ],
  "opt_params": [
    -0.000199236593010758,
    0.0004612294523766066,
    -0.04615528161889842,
    0.00040767404352720713,
    -0.0003636258778713741,
    0.0004235498419978591,
    0.016323050375836874,
    -0.0029944581848975493,
    -0.003939145335154926,
    0.0002506304722293466,
    0.000154118941337375,
    -0.0004523099319172148,
    -0.0017587849788686207,
    -0.0028426080699661175,
    -0.0017574793891653336,
    -0.002842623830799945,
    -0.0011416378979932282,
    -0.0004668508734728412,
    -0.00011360982621294373,
    -0.02292343060572163,
    0.06484153624197617,
    -0.027506598075549633,
    -0.027517008093731445,
    -0.11968803980230765
  ]
}