{
  "mol_name": "LiH",
  "ansatz": "PUCCD",
  "basis": "sto-3g",
  "R_angstrom": 2.2,
  "optimizer": "L-BFGS-B(maxiter=200)",
  "seed": 42,
  "n_qubits": 8,
  "n_params": 16,
  "circuit_depth": 650,
  "e_hf": -7.807994369272983,
  "e_ccsd": -7.845659250705838,
  "e_fci": -7.845683623197182,
  "e_vqe": -7.834373544028297,
  "e_vqe_best": -7.834373544028297,
  "error_ccsd_mha": 11.285706677540475,
  "error_fci_mha": 11.310079168884712,
  "corr_pct": 70.03652673735499,
  "wall_min": 5.04,
  "eval_counts": [
    1,
    2,
    3,
    4,
    5,
    6,
    7,
    8,
    9,
    10,
    11,
    12,
    13,
    14,
    15,
    16,
    17,
    18,
    19,
    20,
    21,
    22,
    23,
    24,
    25,
    26,
    27,
    28
  ],
  "eval_energies": [
    -7.8296160195933755,
    -7.421468895073886,
    -7.83384678119001,
    -7.830674612385367,
    -7.834080535073824,
    -7.834207617837494,
    -7.834253558422581,
    -7.83429150652951,
    -7.834315169963869,
    -7.8343246429008,
    -7.834345062354041,
    -7.834363778419558,
    -7.834349407508096,
    -7.834367049036041,
    -7.834372719105884,
    -7.834373305128478,
    -7.8343734848304205,
    -7.834373537543888,
    -7.834373529341594,
    -7.834373541033893,
    -7.834373543441572,
    -7.834373543775618,
    -7.834373543838961,
    -7.834373544018785,
    -7.834373544023732,
    -7.834373544027278,
    -7.834373544027551,
    -7.834373544028297
  ],
  "opt_params": [
    -0.0006748421213370611,
    2.4653670984787103e-05,
    0.04032397425601291,
    0.012557014436257518,
    -0.0006748421213199048,
    2.465367097972944e-05,
    0.04032397425602362,
    0.012557014436257152,
    -0.004269735990496618,
    -0.0017259872121207992,
    -0.0017251012000130323,
    -0.0013640605298632633,
    -0.014891315763407392,
    -0.02325665508579177,
    -0.023262944792398047,
    -0.18792948742347085
  ]
}