{
  "mol_name": "LiH",
  "ansatz": "PUCCD",
  "basis": "sto-3g",
  "R_angstrom": 3.0,
  "optimizer": "L-BFGS-B(maxiter=200)",
  "seed": 42,
  "n_qubits": 8,
  "n_params": 16,
  "circuit_depth": 650,
  "e_hf": -7.710829900217224,
  "e_ccsd": -7.798761958946548,
  "e_fci": -7.7988431595024075,
  "e_vqe": -7.7547607528388784,
  "e_vqe_best": -7.7547607528388784,
  "error_ccsd_mha": 44.00120610766933,
  "error_fci_mha": 44.08240666352903,
  "corr_pct": 49.959995542563576,
  "wall_min": 6.01,
  "eval_counts": [
    1,
    2,
    3,
    4,
    5,
    6,
    7,
    8,
    9,
    10,
    11,
    12,
    13,
    14,
    15,
    16,
    17,
    18,
    19,
    20,
    21,
    22,
    23,
    24,
    25,
    26,
    27,
    28,
    29,
    30,
    31,
    32,
    33
  ],
  "eval_energies": [
    -7.7039572455634975,
    -7.586413706384674,
    -7.748201573332549,
    -7.679516339123742,
    -7.75144311792314,
    -7.752302028266797,
    -7.753330982277205,
    -7.753398240629652,
    -7.753932155922659,
    -7.753970877050195,
    -7.754050815554322,
    -7.754185168212997,
    -7.754312844924206,
    -7.754484550820596,
    -7.754572404981607,
    -7.754675009649269,
    -7.754737762898573,
    -7.754714786727245,
    -7.754747917693283,
    -7.754760188193941,
    -7.754760225867244,
    -7.754760522741089,
    -7.754760676886164,
    -7.7547607220494115,
    -7.754760749316077,
    -7.754760751088424,
    -7.754760752515715,
    -7.754760752738212,
    -7.754760752801623,
    -7.754760752827156,
    -7.754760752834116,
    -7.754760752837601,
    -7.7547607528388784
  ],
  "opt_params": [
    -0.0020154162668307306,
    0.0007031053989152602,
    0.2092139088988442,
    -0.13586088843286884,
    -0.002015416266828264,
    0.0007031053989174024,
    0.20921390889883854,
    -0.13586088843288135,
    -0.00503214051095422,
    -0.001738199062557131,
    -0.0017379185556171974,
    -0.0008823979155780516,
    -0.010163134203754295,
    -0.015477572906639024,
    -0.01547942643156753,
    -0.3678332213463506
  ]
}