{
  "mol_name": "LiH",
  "ansatz": "PUCCD",
  "basis": "sto-3g",
  "R_angstrom": 1.75,
  "optimizer": "L-BFGS-B(maxiter=200)",
  "seed": 42,
  "n_qubits": 8,
  "n_params": 16,
  "circuit_depth": 650,
  "e_hf": -7.853839601840534,
  "e_ccsd": -7.877174325963382,
  "e_fci": -7.87718700230454,
  "e_vqe": -7.871832350061135,
  "e_vqe_best": -7.871832350061135,
  "error_ccsd_mha": 5.34197590224661,
  "error_fci_mha": 5.354652243404701,
  "corr_pct": 77.10718209427624,
  "wall_min": 3.94,
  "eval_counts": [
    1,
    2,
    3,
    4,
    5,
    6,
    7,
    8,
    9,
    10,
    11,
    12,
    13,
    14,
    15,
    16,
    17,
    18,
    19,
    20,
    21,
    22
  ],
  "eval_energies": [
    -7.870589409880864,
    -7.360854377726348,
    -7.871586322979791,
    -7.8711419936525235,
    -7.871671831026317,
    -7.871719008380042,
    -7.871741634076482,
    -7.871792743054193,
    -7.871810920776641,
    -7.871822485140802,
    -7.871826672737054,
    -7.87182986369703,
    -7.871832194601076,
    -7.871832255368945,
    -7.871832340597921,
    -7.871832346459364,
    -7.871832347874523,
    -7.871832349807793,
    -7.871832349240636,
    -7.871832349933975,
    -7.871832350052475,
    -7.871832350061135
  ],
  "opt_params": [
    -0.0004157288687414894,
    0.00018337039508722287,
    0.016093727770346844,
    0.002190236825596223,
    -0.0004157288687431106,
    0.000183370395082107,
    0.016093727770358234,
    0.0021902368256018286,
    -0.004139678387915928,
    -0.0017150572148805212,
    -0.0017137789149233682,
    -0.0012698792994971244,
    -0.010312774854900855,
    -0.027374476791713034,
    -0.027384724702999144,
    -0.1301324010717435
  ]
}