{
  "mol_name": "LiH",
  "ansatz": "PUCCD",
  "basis": "sto-3g",
  "R_angstrom": 1.2,
  "optimizer": "L-BFGS-B(maxiter=200)",
  "seed": 42,
  "n_qubits": 8,
  "n_params": 16,
  "circuit_depth": 650,
  "e_hf": -7.835615825556929,
  "e_ccsd": -7.852424368742643,
  "e_fci": -7.852430853195918,
  "e_vqe": -7.849349370227262,
  "e_vqe_best": -7.849349370227262,
  "error_ccsd_mha": 3.0749985153804005,
  "error_fci_mha": 3.0814829686560685,
  "corr_pct": 81.70574045944673,
  "wall_min": 3.46,
  "eval_counts": [
    1,
    2,
    3,
    4,
    5,
    6,
    7,
    8,
    9,
    10,
    11,
    12,
    13,
    14,
    15,
    16,
    17,
    18,
    19
  ],
  "eval_energies": [
    -7.848812947474084,
    -7.2493452440808035,
    -7.849174022089498,
    -7.849096903025471,
    -7.849237171264765,
    -7.849266096286353,
    -7.84928237169151,
    -7.849316194200606,
    -7.8493396230821695,
    -7.849346956569233,
    -7.849348625638466,
    -7.849348926365286,
    -7.849349341999442,
    -7.849349368745155,
    -7.849349370164459,
    -7.849349370205818,
    -7.849349370221928,
    -7.849349370226239,
    -7.849349370227262
  ],
  "opt_params": [
    -0.00026161080042324733,
    0.00036334264536202874,
    0.007580586281930563,
    0.0016547743811100165,
    -0.0002616108004108761,
    0.0003633426453699192,
    0.007580586281895191,
    0.0016547743811028642,
    -0.0038956813628596176,
    -0.0016468104769987205,
    -0.0016449679720501337,
    -0.00014293757007014857,
    -0.0055670696156233926,
    -0.03367432750081595,
    -0.0336934507216196,
    -0.09668590221247707
  ]
}