{
  "mol_name": "LiH",
  "ansatz": "SUCCD",
  "basis": "sto-3g",
  "R_angstrom": 2.6,
  "optimizer": "L-BFGS-B(maxiter=200)",
  "seed": 42,
  "n_qubits": 8,
  "n_params": 24,
  "circuit_depth": 1314,
  "e_hf": -7.758404399049614,
  "e_ccsd": -7.817352273863453,
  "e_fci": -7.8173999274494514,
  "e_vqe": -7.809200274036444,
  "e_vqe_best": -7.809200274036444,
  "error_ccsd_mha": 8.151999827009426,
  "error_fci_mha": 8.199653413007546,
  "corr_pct": 86.17083337990735,
  "wall_min": 30.18,
  "eval_counts": [
    1,
    2,
    3,
    4,
    5,
    6,
    7,
    8,
    9,
    10,
    11,
    12,
    13,
    14,
    15,
    16,
    17,
    18,
    19,
    20,
    21,
    22,
    23,
    24,
    25,
    26,
    27,
    28,
    29,
    30,
    31,
    32,
    33,
    34,
    35,
    36,
    37,
    38,
    39,
    40,
    41,
    42,
    43,
    44,
    45,
    46,
    47,
    48,
    49,
    50,
    51,
    52,
    53
  ],
  "eval_energies": [
    -7.7860787563659315,
    -7.494293315603006,
    -7.800665179096297,
    -7.788550661073504,
    -7.802549916389557,
    -7.803377775988055,
    -7.803968101717198,
    -7.805056986696696,
    -7.805533398280357,
    -7.806016468195169,
    -7.80654316737543,
    -7.807369347462107,
    -7.808333250853234,
    -7.805694726613131,
    -7.808513918605154,
    -7.80879622374861,
    -7.808875003244644,
    -7.80890600862476,
    -7.808964667339842,
    -7.8090328829827005,
    -7.809009808228497,
    -7.809072597981784,
    -7.809133499296303,
    -7.809166439592099,
    -7.809189113008406,
    -7.8091932478416535,
    -7.809199016213224,
    -7.809199497682981,
    -7.809199908249715,
    -7.809200180080101,
    -7.809200147125205,
    -7.809200238630263,
    -7.8092002527689495,
    -7.809200265569961,
    -7.809200269814211,
    -7.809200271944931,
    -7.809200272986201,
    -7.809200273475197,
    -7.809200273592705,
    -7.8092002737901005,
    -7.809200273869267,
    -7.809200273950344,
    -7.809200273930932,
    -7.809200273971479,
    -7.809200273995502,
    -7.8092002740077096,
    -7.809200274016593,
    -7.809200274021887,
    -7.809200274026475,
    -7.8092002740302675,
    -7.809200274032605,
    -7.809200274035122,
    -7.809200274036444
  ],
  "opt_params": [
    0.0006720598863143829,
    -0.0009916555289136127,
    -0.266779062946852,
    -0.06508927798856638,
    -0.0007094772331579419,
    -0.0016540840318655064,
    0.15701790165388885,
    0.06056035252682074,
    -0.0033910185050906563,
    4.185221047212875e-05,
    0.000983505447189216,
    0.0017833797406134587,
    -0.001766580263952895,
    -0.001791692054373603,
    -0.0017661121856925352,
    -0.0017916781121406276,
    -0.0013064877204747166,
    -0.000148973287924911,
    -0.0007387487542767804,
    -0.07541856283506228,
    -0.22658083138476803,
    -0.017786455957108437,
    -0.017789270269071254,
    -0.22061224035884652
  ]
}