{
  "mol_name": "LiH",
  "ansatz": "PUCCD",
  "basis": "sto-3g",
  "R_angstrom": 1.25,
  "optimizer": "L-BFGS-B(maxiter=200)",
  "seed": 42,
  "n_qubits": 8,
  "n_params": 16,
  "circuit_depth": 650,
  "e_hf": -7.844905315573975,
  "e_ccsd": -7.861854543345052,
  "e_fci": -7.8618614405476155,
  "e_vqe": -7.858699507340664,
  "e_vqe_best": -7.858699507340664,
  "error_ccsd_mha": 3.1550360043874903,
  "error_fci_mha": 3.1619332069512396,
  "corr_pct": 81.38537019502799,
  "wall_min": 3.82,
  "eval_counts": [
    1,
    2,
    3,
    4,
    5,
    6,
    7,
    8,
    9,
    10,
    11,
    12,
    13,
    14,
    15,
    16,
    17,
    18,
    19,
    20,
    21
  ],
  "eval_energies": [
    -7.858140912451813,
    -7.268469976090302,
    -7.858522361150503,
    -7.858434286146877,
    -7.858585168144802,
    -7.8586147593487015,
    -7.858631632989691,
    -7.858668604291847,
    -7.8586893644839035,
    -7.858697495421878,
    -7.858698641948487,
    -7.858699061238505,
    -7.858699484959366,
    -7.8586994960305505,
    -7.8586995069883345,
    -7.858699507174186,
    -7.858699507289891,
    -7.858699507331516,
    -7.858699507325684,
    -7.858699507339675,
    -7.858699507340664
  ],
  "opt_params": [
    -0.00027653504647683275,
    0.00034074604060842207,
    0.007777444997370059,
    0.0014595697729987511,
    -0.0002765350464648633,
    0.00034074604060145986,
    0.007777444997343744,
    0.001459569773000088,
    -0.003935752994563438,
    -0.0016590894679674698,
    -0.0016572827097500228,
    -0.0002179693933817877,
    -0.00592582904387037,
    -0.032965897779162076,
    -0.03298383455441423,
    -0.09759796709202262
  ]
}