{
  "mol_name": "LiH",
  "ansatz": "SUCCD",
  "basis": "sto-3g",
  "R_angstrom": 2.4,
  "optimizer": "L-BFGS-B(maxiter=200)",
  "seed": 42,
  "n_qubits": 8,
  "n_params": 24,
  "circuit_depth": 1314,
  "e_hf": -7.783381627155395,
  "e_ccsd": -7.830597505520918,
  "e_fci": -7.8306316244241145,
  "e_vqe": -7.8239095984583304,
  "e_vqe_best": -7.8239095984583304,
  "error_ccsd_mha": 6.687907062587151,
  "error_fci_mha": 6.722025965784084,
  "corr_pct": 85.83547040931329,
  "wall_min": 31.28,
  "eval_counts": [
    1,
    2,
    3,
    4,
    5,
    6,
    7,
    8,
    9,
    10,
    11,
    12,
    13,
    14,
    15,
    16,
    17,
    18,
    19,
    20,
    21,
    22,
    23,
    24,
    25,
    26,
    27,
    28,
    29,
    30,
    31,
    32,
    33,
    34,
    35,
    36,
    37,
    38,
    39,
    40,
    41,
    42,
    43,
    44,
    45,
    46,
    47,
    48,
    49,
    50,
    51,
    52,
    53,
    54
  ],
  "eval_energies": [
    -7.811423452715742,
    -7.466955694065293,
    -7.819234059135981,
    -7.813895780567856,
    -7.820312977728346,
    -7.820839554892455,
    -7.821178178130516,
    -7.821950682067268,
    -7.822285312959288,
    -7.822617119178499,
    -7.822911010823136,
    -7.823316366147722,
    -7.823683763179915,
    -7.823275245994946,
    -7.8237550760025485,
    -7.823806836731187,
    -7.823819417677539,
    -7.823828151673517,
    -7.823848326007189,
    -7.823866794936295,
    -7.823887709797276,
    -7.823898794929271,
    -7.823905495735406,
    -7.8239058770236465,
    -7.823908117320624,
    -7.823908872521258,
    -7.82390910269142,
    -7.8239093144220675,
    -7.823909365555629,
    -7.823909484481479,
    -7.823909520067639,
    -7.823909550790734,
    -7.823909580034554,
    -7.823909579275348,
    -7.823909592291967,
    -7.823909595068606,
    -7.823909595930713,
    -7.823909596773012,
    -7.823909597366347,
    -7.8239095978277895,
    -7.823909598032943,
    -7.823909598272273,
    -7.823909598379508,
    -7.8239095984214035,
    -7.823909598436334,
    -7.8239095984384885,
    -7.8239095984418405,
    -7.823909598446727,
    -7.8239095984457805,
    -7.823909598449063,
    -7.823909598453033,
    -7.823909598455389,
    -7.823909598457199,
    -7.8239095984583304
  ],
  "opt_params": [
    0.0002503375817457853,
    0.0006510834481404013,
    -0.1696449786342756,
    0.030598185179624742,
    -0.0006830657162613464,
    0.0010117592813582126,
    0.09497350227859917,
    -0.025691911840449947,
    -0.003685530485345649,
    0.00018065089716322403,
    0.000825190009606908,
    -0.0017697780760588698,
    -0.0017658520529869283,
    -0.002281063821440399,
    -0.0017652420504202621,
    -0.00228105412693363,
    -0.0013437338710448033,
    -0.00021865568648749936,
    -0.0006104276653017728,
    -0.06264763707279987,
    0.17395509120942412,
    -0.01984295589350897,
    -0.019846865978711152,
    -0.20457341377010915
  ]
}