{
  "label": "PUCCD",
  "system": "LiH",
  "basis": "sto-3g",
  "mapper": "ParityMapper (tapered)",
  "n_electrons": [
    2,
    2
  ],
  "n_spatial_orbs": 6,
  "n_qubits": 8,
  "n_params": 8,
  "circuit_depth": 1,
  "e_hf_ha": -7.861992688740797,
  "e_ccsd_ha": -7.882376485164726,
  "e_ccsd_init_ha": -7.877522756993287,
  "e_fci_ha": -7.882386993639731,
  "nuc_repulsion": 0.9946940055206768,
  "e_vqe_ha": -7.877986073984644,
  "error_mha": 4.390411180081877,
  "error_fci_mha": 4.40091965508671,
  "corr_recovered_pct": 78.46126850576367,
  "e_vqe_best_ha": -7.877986073984644,
  "error_best_mha": 4.390411180081877,
  "best_is_physical": true,
  "eval_counts": [
    1,
    2,
    3,
    4,
    5,
    6,
    7,
    8,
    9,
    10,
    11,
    12,
    13,
    14
  ],
  "eval_energies": [
    -7.877522756993287,
    -7.379437504507422,
    -7.877958873299244,
    -7.8777098850104,
    -7.877974490076792,
    -7.877984130118152,
    -7.877985644230542,
    -7.877985172391972,
    -7.877985986529692,
    -7.877986043971623,
    -7.877986062923249,
    -7.87798606842513,
    -7.87798607298118,
    -7.877986073984644
  ],
  "opt_params": [
    -0.004022173766288539,
    -0.0017028517989342217,
    -0.001701377889273879,
    -0.0010410941037262106,
    -0.010583066346131821,
    -0.02945166989792465,
    -0.029464336377767988,
    -0.11519418452855691
  ],
  "ccsd_init_nonzero": 8,
  "ccsd_init_max_amp": 0.11515285973569557,
  "optimizer": "L_BFGS"
}
