{
  "label": "SUCCD",
  "system": "LiH",
  "basis": "sto-3g",
  "mapper": "ParityMapper (tapered)",
  "n_electrons": [
    2,
    2
  ],
  "n_spatial_orbs": 6,
  "n_qubits": 8,
  "n_params": 16,
  "circuit_depth": 1,
  "e_hf_ha": -7.861992688740797,
  "e_ccsd_ha": -7.882376485164726,
  "e_ccsd_init_ha": -7.877522756993287,
  "e_fci_ha": -7.8823869936397415,
  "nuc_repulsion": 0.9946940055206768,
  "e_vqe_ha": -7.879993243032223,
  "error_mha": 2.3832421325034048,
  "error_fci_mha": 2.3937506075188963,
  "corr_recovered_pct": 88.30815377597851,
  "e_vqe_best_ha": -7.879993243032223,
  "error_best_mha": 2.3832421325034048,
  "best_is_physical": true,
  "eval_counts": [
    1,
    2,
    3,
    4,
    5,
    6,
    7,
    8,
    9,
    10,
    11,
    12,
    13,
    14,
    15,
    16
  ],
  "eval_energies": [
    -7.8797553017235025,
    -7.351349942608964,
    -7.879963751027844,
    -7.879876359771275,
    -7.8799844532607555,
    -7.879991139718905,
    -7.879992265404075,
    -7.879993065336853,
    -7.879993209757176,
    -7.879993239373901,
    -7.879993240839131,
    -7.879993242007741,
    -7.879993242903348,
    -7.879993243027524,
    -7.8799932430305155,
    -7.879993243032223
  ],
  "opt_params": [
    -0.003992209215668417,
    0.00025157201829667324,
    3.970183871500374e-05,
    -0.0002797589246725802,
    -0.0017578544184652064,
    -0.0029348645288780994,
    -0.0017565228585198136,
    -0.0029348820242643095,
    -0.001036052558696573,
    -0.0004835834646925992,
    -0.00015127595762480162,
    -0.018492598440957866,
    0.05257774262986311,
    -0.027747275543551254,
    -0.027757952488549027,
    -0.11602958114184911
  ],
  "ccsd_init_nonzero": 16,
  "ccsd_init_max_amp": 0.11515285973569557,
  "optimizer": "L_BFGS"
}
